Kode Barang;Nama Barang
FUR-BO-10000330;Sauder Camden County Barrister Bookcase, Planked Cherry Finish
FUR-BO-10000362;Sauder Inglewood Library Bookcases
FUR-BO-10000468;O'Sullivan 2-Shelf Heavy-Duty Bookcases
FUR-BO-10001337;O'Sullivan Living Dimensions 2-Shelf Bookcases
FUR-BO-10001519;O'Sullivan 3-Shelf Heavy-Duty Bookcases
FUR-BO-10001567;Bush Westfield Collection Bookcases, Dark Cherry Finish, Fully Assembled
FUR-BO-10001601;Sauder Mission Library with Doors, Fruitwood Finish
FUR-BO-10001608;Hon Metal Bookcases, Black
FUR-BO-10001619;O'Sullivan Cherrywood Estates Traditional Bookcase
FUR-BO-10001798;Bush Somerset Collection Bookcase
FUR-BO-10001811;Atlantic Metals Mobile 5-Shelf Bookcases, Custom Colors
FUR-BO-10001918;Sauder Forest Hills Library with Doors, Woodland Oak Finish
FUR-BO-10001972;O'Sullivan 4-Shelf Bookcase in Odessa Pine
FUR-BO-10002202;Atlantic Metals Mobile 2-Shelf Bookcases, Custom Colors
FUR-BO-10002206;Bush Saratoga Collection 5-Shelf Bookcase, Hanover Cherry, *Special Order
FUR-BO-10002213;Sauder Forest Hills Library, Woodland Oak Finish
FUR-BO-10002268;Sauder Barrister Bookcases
FUR-BO-10002545;Atlantic Metals Mobile 3-Shelf Bookcases, Custom Colors
FUR-BO-10002598;Hon Metal Bookcases, Putty
FUR-BO-10002613;Atlantic Metals Mobile 4-Shelf Bookcases, Custom Colors
FUR-BO-10002853;O'Sullivan 5-Shelf Heavy-Duty Bookcases
FUR-BO-10002916;"Rush Hierlooms Collection 1"" Thick Stackable Bookcases"
FUR-BO-10003034;O'Sullivan Elevations Bookcase, Cherry Finish
FUR-BO-10003159;Sauder Camden County Collection Libraries, Planked Cherry Finish
FUR-BO-10003404;Global Adaptabilites Bookcase, Cherry/Storm Gray Finish
FUR-BO-10003441;Bush Westfield Collection Bookcases, Fully Assembled
FUR-BO-10003450;Bush Westfield Collection Bookcases, Dark Cherry Finish
FUR-BO-10003546;Hon 4-Shelf Metal Bookcases
FUR-BO-10003660;Bush Cubix Collection Bookcases, Fully Assembled
FUR-BO-10003893;Sauder Camden County Collection Library
FUR-BO-10003894;Safco Value Mate Steel Bookcase, Baked Enamel Finish on Steel, Black
FUR-BO-10003965;O'Sullivan Manor Hill 2-Door Library in Brianna Oak
FUR-BO-10003966;Sauder Facets Collection Library, Sky Alder Finish
FUR-BO-10004015;Bush Andora Bookcase, Maple/Graphite Gray Finish
FUR-BO-10004218;Bush Heritage Pine Collection 5-Shelf Bookcase, Albany Pine Finish, *Special Order
FUR-BO-10004357;O'Sullivan Living Dimensions 3-Shelf Bookcases
FUR-BO-10004409;Safco Value Mate Series Steel Bookcases, Baked Enamel Finish on Steel, Gray
FUR-BO-10004467;Bestar Classic Bookcase
FUR-BO-10004695;O'Sullivan 2-Door Barrister Bookcase in Odessa Pine
FUR-BO-10004709;Bush Westfield Collection Bookcases, Medium Cherry Finish
FUR-BO-10004834;Riverside Palais Royal Lawyers Bookcase, Royale Cherry Finish
FUR-CH-10000015;Hon Multipurpose Stacking Arm Chairs
FUR-CH-10000155;Global Comet Stacking Armless Chair
FUR-CH-10000225;Global Geo Office Task Chair, Gray
FUR-CH-10000229;Global Enterprise Series Seating High-Back Swivel/Tilt Chairs
FUR-CH-10000309;Global Comet Stacking Arm Chair
FUR-CH-10000422;Global Highback Leather Tilter in Burgundy
FUR-CH-10000454;Hon Deluxe Fabric Upholstered Stacking Chairs, Rounded Back
FUR-CH-10000513;High-Back Leather Manager's Chair
FUR-CH-10000553;Metal Folding Chairs, Beige, 4/Carton
FUR-CH-10000595;Safco Contoured Stacking Chairs
FUR-CH-10000665;Global Airflow Leather Mesh Back Chair, Black
FUR-CH-10000749;Office Star - Ergonomic Mid Back Chair with 2-Way Adjustable Arms
FUR-CH-10000785;Global Ergonomic Managers Chair
FUR-CH-10000847;Global Executive Mid-Back Manager's Chair
FUR-CH-10000863;Novimex Swivel Fabric Task Chair
FUR-CH-10000988;Hon Olson Stacker Stools
FUR-CH-10001146;Global Value Mid-Back Manager's Chair, Gray
FUR-CH-10001190;Global Deluxe High-Back Office Chair in Storm
FUR-CH-10001215;Global Troy Executive Leather Low-Back Tilter
FUR-CH-10001394;Global Leather Executive Chair
FUR-CH-10001482;Office Star - Mesh Screen back chair with Vinyl seat
FUR-CH-10001545;Hon Comfortask Task/Swivel Chairs
FUR-CH-10001708;Office Star - Contemporary Swivel Chair with Padded Adjustable Arms and Flex Back
FUR-CH-10001714;Global Leather & Oak Executive Chair, Burgundy
FUR-CH-10001797;Safco Chair Connectors, 6/Carton
FUR-CH-10001802;Hon Every-Day Chair Series Swivel Task Chairs
FUR-CH-10001854;Office Star - Professional Matrix Back Chair with 2-to-1 Synchro Tilt and Mesh Fab
FUR-CH-10001891;Global Deluxe Office Fabric Chairs
FUR-CH-10001973;Office Star Flex Back Scooter Chair with White Frame
FUR-CH-10002017;SAFCO Optional Arm Kit for Workspace Cribbage Stacking Chair
FUR-CH-10002024;HON 5400 Series Task Chairs for Big and Tall
FUR-CH-10002126;Hon Deluxe Fabric Upholstered Stacking Chairs
FUR-CH-10002304;Global Stack Chair without Arms, Black
FUR-CH-10002317;Global Enterprise Series Seating Low-Back Swivel/Tilt Chairs
FUR-CH-10002320;Hon Pagoda Stacking Chairs
FUR-CH-10002331;Hon 4700 Series Mobuis Mid-Back Task Chairs with Adjustable Arms
FUR-CH-10002335;Hon GuestStacker Chair
FUR-CH-10002372;Office Star - Ergonomically Designed Knee Chair
FUR-CH-10002439;Iceberg Nesting Folding Chair, 19w x 6d x 43h
FUR-CH-10002602;DMI Arturo Collection Mission-style Design Wood Chair
FUR-CH-10002647;Situations Contoured Folding Chairs, 4/Set
FUR-CH-10002758;Hon Deluxe Fabric Upholstered Stacking Chairs, Squared Back
FUR-CH-10002774;Global Deluxe Stacking Chair, Gray
FUR-CH-10002780;Office Star - Task Chair with Contemporary Loop Arms
FUR-CH-10002880;Global High-Back Leather Tilter, Burgundy
FUR-CH-10002961;Leather Task Chair, Black
FUR-CH-10002965;Global Leather Highback Executive Chair with Pneumatic Height Adjustment, Black
FUR-CH-10003061;Global Leather Task Chair, Black
FUR-CH-10003199;Office Star - Contemporary Task Swivel Chair
FUR-CH-10003298;Office Star - Contemporary Task Swivel chair with Loop Arms, Charcoal
FUR-CH-10003312;Hon 2090 “Pillow Soft” Series Mid Back Swivel/Tilt Chairs
FUR-CH-10003396;Global Deluxe Steno Chair
FUR-CH-10003535;Global Armless Task Chair, Royal Blue
FUR-CH-10003746;Hon 4070 Series Pagoda Round Back Stacking Chairs
FUR-CH-10003774;Global Wood Trimmed Manager's Task Chair, Khaki
FUR-CH-10003817;Global Value Steno Chair, Gray
FUR-CH-10003833;Novimex Fabric Task Chair
FUR-CH-10003846;Hon Valutask Swivel Chairs
FUR-CH-10003956;Novimex High-Tech Fabric Mesh Task Chair
FUR-CH-10003968;Novimex Turbo Task Chair
FUR-CH-10003973;GuestStacker Chair with Chrome Finish Legs
FUR-CH-10004063;Global Deluxe High-Back Manager's Chair
FUR-CH-10004086;Hon 4070 Series Pagoda Armless Upholstered Stacking Chairs
FUR-CH-10004218;Global Fabric Manager's Chair, Dark Gray
FUR-CH-10004287;SAFCO Arco Folding Chair
FUR-CH-10004289;Global Super Steno Chair
FUR-CH-10004477;Global Push Button Manager's Chair, Indigo
FUR-CH-10004495;Global Leather and Oak Executive Chair, Black
FUR-CH-10004540;Global Chrome Stack Chair
FUR-CH-10004626;Office Star Flex Back Scooter Chair with Aluminum Finish Frame
FUR-CH-10004675;Lifetime Advantage Folding Chairs, 4/Carton
FUR-CH-10004698;Padded Folding Chairs, Black, 4/Carton
FUR-CH-10004754;Global Stack Chair with Arms, Black
FUR-CH-10004853;Global Manager's Adjustable Task Chair, Storm
FUR-CH-10004860;Global Low Back Tilter Chair
FUR-CH-10004875;Harbour Creations 67200 Series Stacking Chairs
FUR-CH-10004886;Bevis Steel Folding Chairs
FUR-CH-10004983;Office Star - Mid Back Dual function Ergonomic High Back Chair with 2-Way Adjustab
FUR-CH-10004997;Hon Every-Day Series Multi-Task Chairs
FUR-FU-10000010;DAX Value U-Channel Document Frames, Easel Back
FUR-FU-10000023;Eldon Wave Desk Accessories
FUR-FU-10000073;Deflect-O Glasstique Clear Desk Accessories
FUR-FU-10000076;24-Hour Round Wall Clock
FUR-FU-10000087;"Executive Impressions 14"" Two-Color Numerals Wall Clock"
FUR-FU-10000193;Tenex Chairmats For Use with Hard Floors
FUR-FU-10000206;GE General Purpose, Extra Long Life, Showcase & Floodlight Incandescent Bulbs
FUR-FU-10000221;Master Caster Door Stop, Brown
FUR-FU-10000222;"Seth Thomas 16"" Steel Case Clock"
FUR-FU-10000246;Aluminum Document Frame
FUR-FU-10000260;"6"" Cubicle Wall Clock, Black"
FUR-FU-10000277;Deflect-o DuraMat Antistatic Studded Beveled Mat for Medium Pile Carpeting
FUR-FU-10000293;Eldon Antistatic Chair Mats for Low to Medium Pile Carpets
FUR-FU-10000305;"Tenex V2T-RE Standard Weight Series Chair Mat, 45"" x 53"", Lip 25"" x 12"""
FUR-FU-10000308;Deflect-o Glass Clear Studded Chair Mats
FUR-FU-10000320;OIC Stacking Trays
FUR-FU-10000397;Luxo Economy Swing Arm Lamp
FUR-FU-10000409;GE 4 Foot Flourescent Tube, 40 Watt
FUR-FU-10000448;Tenex Chairmats For Use With Carpeted Floors
FUR-FU-10000550;Stacking Trays by OIC
FUR-FU-10000576;Luxo Professional Fluorescent Magnifier Lamp with Clamp-Mount Base
FUR-FU-10000629;9-3/4 Diameter Round Wall Clock
FUR-FU-10000672;"Executive Impressions 10"" Spectator Wall Clock"
FUR-FU-10000719;DAX Cubicle Frames, 8-1/2 x 11
FUR-FU-10000723;Deflect-o EconoMat Studded, No Bevel Mat for Low Pile Carpeting
FUR-FU-10000732;Eldon 200 Class Desk Accessories
FUR-FU-10000747;Tenex B1-RE Series Chair Mats for Low Pile Carpets
FUR-FU-10000758;DAX Natural Wood-Tone Poster Frame
FUR-FU-10000771;Eldon 200 Class Desk Accessories, Smoke
FUR-FU-10000794;Eldon Stackable Tray, Side-Load, Legal, Smoke
FUR-FU-10000820;Tensor Brushed Steel Torchiere Floor Lamp
FUR-FU-10000965;"Howard Miller 11-1/2"" Diameter Ridgewood Wall Clock"
FUR-FU-10001025;Eldon Imàge Series Desk Accessories, Clear
FUR-FU-10001037;DAX Charcoal/Nickel-Tone Document Frame, 5 x 7
FUR-FU-10001085;3M Polarizing Light Filter Sleeves
FUR-FU-10001095;DAX Black Cherry Wood-Tone Poster Frame
FUR-FU-10001185;Advantus Employee of the Month Certificate Frame, 11 x 13-1/2
FUR-FU-10001196;DAX Cubicle Frames - 8x10
FUR-FU-10001215;"Howard Miller 11-1/2"" Diameter Brentwood Wall Clock"
FUR-FU-10001290;Executive Impressions Supervisor Wall Clock
FUR-FU-10001424;Dax Clear Box Frame
FUR-FU-10001473;DAX Wood Document Frame
FUR-FU-10001475;"Contract Clock, 14"", Brown"
FUR-FU-10001487;Eldon Expressions Wood and Plastic Desk Accessories, Cherry Wood
FUR-FU-10001488;"Tenex 46"" x 60"" Computer Anti-Static Chairmat, Rectangular Shaped"
FUR-FU-10001546;Dana Swing-Arm Lamps
FUR-FU-10001588;Deflect-o SuperTray Unbreakable Stackable Tray, Letter, Black
FUR-FU-10001591;Advantus Panel Wall Certificate Holder - 8.5x11
FUR-FU-10001602;"Eldon Delta Triangular Chair Mat, 52"" x 58"", Clear"
FUR-FU-10001617;"Executive Impressions 8-1/2"" Career Panel/Partition Cubicle Clock"
FUR-FU-10001706;Longer-Life Soft White Bulbs
FUR-FU-10001731;Acrylic Self-Standing Desk Frames
FUR-FU-10001756;Eldon Expressions Desk Accessory, Wood Photo Frame, Mahogany
FUR-FU-10001847;Eldon Image Series Black Desk Accessories
FUR-FU-10001852;Eldon Regeneration Recycled Desk Accessories, Smoke
FUR-FU-10001861;Floodlight Indoor Halogen Bulbs, 1 Bulb per Pack, 60 Watts
FUR-FU-10001867;Eldon Expressions Punched Metal & Wood Desk Accessories, Pewter & Cherry
FUR-FU-10001876;"Computer Room Manger, 14"""
FUR-FU-10001889;Ultra Door Pull Handle
FUR-FU-10001918;C-Line Cubicle Keepers Polyproplyene Holder With Velcro Backings
FUR-FU-10001934;Magnifier Swing Arm Lamp
FUR-FU-10001935;3M Hangers With Command Adhesive
FUR-FU-10001940;Staple-based wall hangings
FUR-FU-10001979;Dana Halogen Swing-Arm Architect Lamp
FUR-FU-10002088;Nu-Dell Float Frame 11 x 14 1/2
FUR-FU-10002111;Master Caster Door Stop, Large Brown
FUR-FU-10002116;Tenex Carpeted, Granite-Look or Clear Contemporary Contour Shape Chair Mats
FUR-FU-10002191;G.E. Halogen Desk Lamp Bulbs
FUR-FU-10002253;"Howard Miller 13"" Diameter Pewter Finish Round Wall Clock"
FUR-FU-10002268;Ultra Door Push Plate
FUR-FU-10002298;"Rubbermaid ClusterMat Chairmats, Mat Size- 66"" x 60"", Lip 20"" x 11"" -90 Degree Ang"
FUR-FU-10002364;Eldon Expressions Wood Desk Accessories, Oak
FUR-FU-10002379;Eldon Econocleat Chair Mats for Low Pile Carpets
FUR-FU-10002396;DAX Copper Panel Document Frame, 5 x 7 Size
FUR-FU-10002445;DAX Two-Tone Rosewood/Black Document Frame, Desktop, 5 x 7
FUR-FU-10002456;Master Caster Door Stop, Large Neon Orange
FUR-FU-10002501;Nu-Dell Executive Frame
FUR-FU-10002505;Eldon 100 Class Desk Accessories
FUR-FU-10002508;Document Clip Frames
FUR-FU-10002553;Electrix Incandescent Magnifying Lamp, Black
FUR-FU-10002554;Westinghouse Floor Lamp with Metal Mesh Shade, Black
FUR-FU-10002597;C-Line Magnetic Cubicle Keepers, Clear Polypropylene
FUR-FU-10002671;Electrix 20W Halogen Replacement Bulb for Zoom-In Desk Lamp
FUR-FU-10002685;"Executive Impressions 13-1/2"" Indoor/Outdoor Wall Clock"
FUR-FU-10002703;"Tenex Traditional Chairmats for Hard Floors, Average Lip, 36"" x 48"""
FUR-FU-10002759;12-1/2 Diameter Round Wall Clock
FUR-FU-10002813;DAX Contemporary Wood Frame with Silver Metal Mat, Desktop, 11 x 14 Size
FUR-FU-10002878;"Seth Thomas 14"" Day/Date Wall Clock"
FUR-FU-10002885;Magna Visual Magnetic Picture Hangers
FUR-FU-10002918;Eldon ClusterMat Chair Mat with Cordless Antistatic Protection
FUR-FU-10002937;"GE 48"" Fluorescent Tube, Cool White Energy Saver, 34 Watts, 30/Box"
FUR-FU-10002960;Eldon 200 Class Desk Accessories, Burgundy
FUR-FU-10002963;Master Caster Door Stop, Gray
FUR-FU-10003026;Eldon Regeneration Recycled Desk Accessories, Black
FUR-FU-10003039;"Howard Miller 11-1/2"" Diameter Grantwood Wall Clock"
FUR-FU-10003095;"Linden 12"" Wall Clock With Oak Frame"
FUR-FU-10003096;Master Giant Foot Doorstop, Safety Yellow
FUR-FU-10003142;Master Big Foot Doorstop, Beige
FUR-FU-10003192;Luxo Adjustable Task Clamp Lamp
FUR-FU-10003194;Eldon Expressions Desk Accessory, Wood Pencil Holder, Oak
FUR-FU-10003247;36X48 HARDFLOOR CHAIRMAT
FUR-FU-10003268;Eldon Radial Chair Mat for Low to Medium Pile Carpets
FUR-FU-10003274;Regeneration Desk Collection
FUR-FU-10003347;Coloredge Poster Frame
FUR-FU-10003374;Electrix Fluorescent Magnifier Lamps & Weighted Base
FUR-FU-10003394;"Tenex ""The Solids"" Textured Chair Mats"
FUR-FU-10003424;Nu-Dell Oak Frame
FUR-FU-10003464;"Seth Thomas 8 1/2"" Cubicle Clock"
FUR-FU-10003489;Contemporary Borderless Frame
FUR-FU-10003535;Howard Miller Distant Time Traveler Alarm Clock
FUR-FU-10003553;"Howard Miller 13-1/2"" Diameter Rosebrook Wall Clock"
FUR-FU-10003577;Nu-Dell Leatherette Frames
FUR-FU-10003601;Deflect-o RollaMat Studded, Beveled Mat for Medium Pile Carpeting
FUR-FU-10003691;Eldon Image Series Desk Accessories, Ebony
FUR-FU-10003708;"Tenex Traditional Chairmats for Medium Pile Carpet, Standard Lip, 36"" x 48"""
FUR-FU-10003724;Westinghouse Clip-On Gooseneck Lamps
FUR-FU-10003731;Eldon Expressions Wood and Plastic Desk Accessories, Oak
FUR-FU-10003773;Eldon Cleatmat Plus Chair Mats for High Pile Carpets
FUR-FU-10003799;"Seth Thomas 13 1/2"" Wall Clock"
FUR-FU-10003829;Stackable Trays
FUR-FU-10003832;Eldon Expressions Punched Metal & Wood Desk Accessories, Black & Cherry
FUR-FU-10003849;DAX Metal Frame, Desktop, Stepped-Edge
FUR-FU-10003878;"Linden 10"" Round Wall Clock, Black"
FUR-FU-10003975;Eldon Advantage Chair Mats for Low to Medium Pile Carpets
FUR-FU-10003976;DAX Executive Solid Wood Document Frame, Desktop or Hang, Mahogany, 5 x 7
FUR-FU-10003981;Eldon Wave Desk Accessories
FUR-FU-10004006;Deflect-o DuraMat Lighweight, Studded, Beveled Mat for Low Pile Carpeting
FUR-FU-10004017;"Executive Impressions 13"" Chairman Wall Clock"
FUR-FU-10004018;Tensor Computer Mounted Lamp
FUR-FU-10004020;Advantus Panel Wall Acrylic Frame
FUR-FU-10004053;DAX Two-Tone Silver Metal Document Frame
FUR-FU-10004071;Luxo Professional Magnifying Clamp-On Fluorescent Lamps
FUR-FU-10004090;"Executive Impressions 14"" Contract Wall Clock"
FUR-FU-10004091;"Howard Miller 13"" Diameter Goldtone Round Wall Clock"
FUR-FU-10004093;Hand-Finished Solid Wood Document Frame
FUR-FU-10004164;Eldon 300 Class Desk Accessories, Black
FUR-FU-10004188;Luxo Professional Combination Clamp-On Lamps
FUR-FU-10004270;Eldon Image Series Desk Accessories, Burgundy
FUR-FU-10004306;Electrix Halogen Magnifier Lamp
FUR-FU-10004351;Staple-based wall hangings
FUR-FU-10004460;"Howard Miller 12"" Round Wall Clock"
FUR-FU-10004586;G.E. Longer-Life Indoor Recessed Floodlight Bulbs
FUR-FU-10004597;Eldon Cleatmat Chair Mats for Medium Pile Carpets
FUR-FU-10004622;Eldon Advantage Foldable Chair Mats for Low Pile Carpets
FUR-FU-10004666;DAX Clear Channel Poster Frame
FUR-FU-10004671;"Executive Impressions 12"" Wall Clock"
FUR-FU-10004712;Westinghouse Mesh Shade Clip-On Gooseneck Lamp, Black
FUR-FU-10004748;"Howard Miller 16"" Diameter Gallery Wall Clock"
FUR-FU-10004845;Deflect-o EconoMat Nonstudded, No Bevel Mat
FUR-FU-10004848;DAX Solid Wood Frames
FUR-FU-10004864;"Howard Miller 14-1/2"" Diameter Chrome Round Wall Clock"
FUR-FU-10004904;"Eldon ""L"" Workstation Diamond Chairmat"
FUR-FU-10004909;Contemporary Wood/Metal Frame
FUR-FU-10004960;"Seth Thomas 12"" Clock w/ Goldtone Case"
FUR-FU-10004963;Eldon 400 Class Desk Accessories, Black Carbon
FUR-FU-10004973;Flat Face Poster Frame
FUR-TA-10000198;Chromcraft Bull-Nose Wood Oval Conference Tables & Bases
FUR-TA-10000577;Bretford CR4500 Series Slim Rectangular Table
FUR-TA-10000617;Hon Practical Foundations 30 x 60 Training Table, Light Gray/Charcoal
FUR-TA-10000688;Chromcraft Bull-Nose Wood Round Conference Table Top, Wood Base
FUR-TA-10000849;Bevis Rectangular Conference Tables
FUR-TA-10001039;KI Adjustable-Height Table
FUR-TA-10001086;SAFCO PlanMaster Boards, 60w x 37-1/2d, White Melamine
FUR-TA-10001095;Chromcraft Round Conference Tables
FUR-TA-10001307;SAFCO PlanMaster Heigh-Adjustable Drafting Table Base, 43w x 30d x 30-37h, Black
FUR-TA-10001520;Lesro Sheffield Collection Coffee Table, End Table, Center Table, Corner Table
FUR-TA-10001539;Chromcraft Rectangular Conference Tables
FUR-TA-10001676;Hon 61000 Series Interactive Training Tables
FUR-TA-10001691;Barricks Non-Folding Utility Table with Steel Legs, Laminate Tops
FUR-TA-10001705;Bush Advantage Collection Round Conference Table
FUR-TA-10001768;Hon Racetrack Conference Tables
FUR-TA-10001771;Bush Cubix Conference Tables, Fully Assembled
FUR-TA-10001857;Balt Solid Wood Rectangular Table
FUR-TA-10001866;Bevis Round Conference Room Tables and Bases
FUR-TA-10001889;Bush Advantage Collection Racetrack Conference Table
FUR-TA-10001932;"Chromcraft 48"" x 96"" Racetrack Double Pedestal Table"
FUR-TA-10001950;Balt Solid Wood Round Tables
FUR-TA-10002041;Bevis Round Conference Table Top, X-Base
FUR-TA-10002356;Bevis Boat-Shaped Conference Table
FUR-TA-10002530;"Iceberg OfficeWorks 42"" Round Tables"
FUR-TA-10002607;KI Conference Tables
FUR-TA-10002622;Bush Andora Conference Table, Maple/Graphite Gray Finish
FUR-TA-10002774;Laminate Occasional Tables
FUR-TA-10002855;Bevis Round Conference Table Top & Single Column Base
FUR-TA-10002903;"Bevis Round Bullnose 29"" High Table Top"
FUR-TA-10002958;Bevis Oval Conference Table, Walnut
FUR-TA-10003008;Lesro Round Back Collection Coffee Table, End Table
FUR-TA-10003238;"Chromcraft Bull-Nose Wood 48"" x 96"" Rectangular Conference Tables"
FUR-TA-10003392;Global Adaptabilities Conference Tables
FUR-TA-10003469;Balt Split Level Computer Training Table
FUR-TA-10003473;Bretford Rectangular Conference Table Tops
FUR-TA-10003569;Bretford CR8500 Series Meeting Room Furniture
FUR-TA-10003715;Hon 2111 Invitation Series Corner Table
FUR-TA-10003748;Bevis 36 x 72 Conference Tables
FUR-TA-10003837;Anderson Hickey Conga Table Tops & Accessories
FUR-TA-10003954;Hon 94000 Series Round Tables
FUR-TA-10004086;KI Adjustable-Height Table
FUR-TA-10004147;Hon 4060 Series Tables
FUR-TA-10004152;"Barricks 18"" x 48"" Non-Folding Utility Table with Bottom Storage Shelf"
FUR-TA-10004154;Riverside Furniture Oval Coffee Table, Oval End Table, End Table with Drawer
FUR-TA-10004175;"Hon 30"" x 60"" Table with Locking Drawer"
FUR-TA-10004256;Bretford “Just In Time” Height-Adjustable Multi-Task Work Tables
FUR-TA-10004289;BoxOffice By Design Rectangular and Half-Moon Meeting Room Tables
FUR-TA-10004575;Hon 5100 Series Wood Tables
FUR-TA-10004607;Hon 2111 Invitation Series Straight Table
FUR-TA-10004619;Hon Non-Folding Utility Tables
FUR-TA-10004767;Safco Drafting Table
OFF-AP-10000027;Hoover Commercial SteamVac
OFF-AP-10000055;Belkin F9S820V06 8 Outlet Surge
OFF-AP-10000240;Belkin F9G930V10-GRY 9 Outlet Surge
OFF-AP-10000252;Harmony HEPA Quiet Air Purifiers
OFF-AP-10000275;Sanyo Counter Height Refrigerator with Crisper, 3.6 Cubic Foot, Stainless Steel/Bl
OFF-AP-10000326;Belkin 7 Outlet SurgeMaster Surge Protector with Phone Protection
OFF-AP-10000358;Fellowes Basic Home/Office Series Surge Protectors
OFF-AP-10000576;Belkin 7 Outlet SurgeMaster II
OFF-AP-10000692;Fellowes Mighty 8 Compact Surge Protector
OFF-AP-10000696;Holmes Odor Grabber
OFF-AP-10000828;Avanti 4.4 Cu. Ft. Refrigerator
OFF-AP-10000891;Kensington 7 Outlet MasterPiece HOMEOFFICE Power Control Center
OFF-AP-10001005;Honeywell Quietcare HEPA Air Cleaner
OFF-AP-10001058;Sanyo 2.5 Cubic Foot Mid-Size Office Refrigerators
OFF-AP-10001154;Bionaire Personal Warm Mist Humidifier/Vaporizer
OFF-AP-10001205;Belkin 5 Outlet SurgeMaster Power Centers
OFF-AP-10001242;APC 7 Outlet Network SurgeArrest Surge Protector
OFF-AP-10001271;Eureka The Boss Cordless Rechargeable Stick Vac
OFF-AP-10001293;Belkin 8 Outlet Surge Protector
OFF-AP-10001303;Holmes Cool Mist Humidifier for the Whole House with 8-Gallon Output per Day, Exte
OFF-AP-10001366;Staple holder
OFF-AP-10001391;Kensington 6 Outlet MasterPiece HOMEOFFICE Power Control Center
OFF-AP-10001394;Harmony Air Purifier
OFF-AP-10001469;Fellowes 8 Outlet Superior Workstation Surge Protector
OFF-AP-10001492;Acco Six-Outlet Power Strip, 4' Cord Length
OFF-AP-10001563;Belkin Premiere Surge Master II 8-outlet surge protector
OFF-AP-10001626;Commercial WindTunnel Clean Air Upright Vacuum, Replacement Belts, Filtration Bags
OFF-AP-10001947;Acco 6 Outlet Guardian Premium Plus Surge Suppressor
OFF-AP-10002082;Holmes HEPA Air Purifier
OFF-AP-10002191;Belkin 8 Outlet SurgeMaster II Gold Surge Protector
OFF-AP-10002222;Staple holder
OFF-AP-10002287;Eureka Sanitaire  Multi-Pro Heavy-Duty Upright, Disposable Bags
OFF-AP-10002350;Belkin F9H710-06 7 Outlet SurgeMaster Surge Protector
OFF-AP-10002403;Acco Smartsocket Color-Coded Six-Outlet AC Adapter Model Surge Protectors
OFF-AP-10002472;3M Office Air Cleaner
OFF-AP-10002495;Acco Smartsocket Table Surge Protector, 6 Color-Coded Adapter Outlets
OFF-AP-10002534;3.6 Cubic Foot Counter Height Office Refrigerator
OFF-AP-10002578;Fellowes Premier Superior Surge Suppressor, 10-Outlet, With Phone and Remote
OFF-AP-10002651;Hoover Upright Vacuum With Dirt Cup
OFF-AP-10002670;Belkin 8-Outlet Premiere SurgeMaster II Surge Protectors
OFF-AP-10002684;Acco 7-Outlet Masterpiece Power Center, Wihtout Fax/Phone Line Protection
OFF-AP-10002765;Fellowes Advanced Computer Series Surge Protectors
OFF-AP-10002867;Fellowes Command Center 5-outlet power strip
OFF-AP-10002892;Belkin F5C206VTEL 6 Outlet Surge
OFF-AP-10002998;Holmes 99% HEPA Air Purifier
OFF-AP-10003040;Fellowes 8 Outlet Superior Workstation Surge Protector w/o Phone/Fax/Modem Protect
OFF-AP-10003057;Honeywell Enviracaire Portable HEPA Air Cleaner for 16' x 20' Room
OFF-AP-10003278;Belkin 7-Outlet SurgeMaster Home Series
OFF-AP-10003287;Tripp Lite TLP810NET Broadband Surge for Modem/Fax
OFF-AP-10003590;Hoover WindTunnel Plus Canister Vacuum
OFF-AP-10003622;Bravo II Megaboss 12-Amp Hard Body Upright, Replacement Belts, 2 Belts per Pack
OFF-AP-10003842;Euro-Pro Shark Turbo Vacuum
OFF-AP-10003849;Hoover Shoulder Vac Commercial Portable Vacuum
OFF-AP-10003971;Belkin 6 Outlet Metallic Surge Strip
OFF-AP-10004052;Hoover Replacement Belts For Soft Guard & Commercial Ltweight Upright Vacs, 2/Pk
OFF-AP-10004249;Staple holder
OFF-AP-10004336;Conquest 14 Commercial Heavy-Duty Upright Vacuum, Collection System, Accessory Kit
OFF-AP-10004487;Kensington 4 Outlet MasterPiece Compact Power Control Center
OFF-AP-10004532;Kensington 6 Outlet Guardian Standard Surge Protector
OFF-AP-10004540;Eureka The Boss Lite 10-Amp Upright Vacuum, Blue
OFF-AP-10004655;Holmes Visible Mist Ultrasonic Humidifier with 2.3-Gallon Output per Day, Replacem
OFF-AP-10004708;Fellowes Superior 10 Outlet Split Surge Protector
OFF-AP-10004785;Holmes Replacement Filter for HEPA Air Cleaner, Medium Room
OFF-AP-10004859;Acco 6 Outlet Guardian Premium Surge Suppressor
OFF-AP-10004868;Hoover Commercial Soft Guard Upright Vacuum And Disposable Filtration Bags
OFF-AP-10004980;3M Replacement Filter for Office Air Cleaner for 20' x 33' Room
OFF-AR-10000034;BIC Brite Liner Grip Highlighters, Assorted, 5/Pack
OFF-AR-10000122;Newell 314
OFF-AR-10000127;Newell 321
OFF-AR-10000203;Newell 336
OFF-AR-10000246;Newell 318
OFF-AR-10000255;Newell 328
OFF-AR-10000315;Dixon Ticonderoga Maple Cedar Pencil, #2
OFF-AR-10000369;Design Ebony Sketching Pencil
OFF-AR-10000380;Hunt PowerHouse Electric Pencil Sharpener, Blue
OFF-AR-10000390;Newell Chalk Holder
OFF-AR-10000411;Boston 16701 Slimline Battery Pencil Sharpener
OFF-AR-10000422;Pencil and Crayon Sharpener
OFF-AR-10000475;Hunt BOSTON Vista Battery-Operated Pencil Sharpener, Black
OFF-AR-10000588;Newell 345
OFF-AR-10000634;Newell 320
OFF-AR-10000657;Binney & Smith inkTank Desk Highlighter, Chisel Tip, Yellow, 12/Box
OFF-AR-10000658;Newell 324
OFF-AR-10000799;Col-Erase Pencils with Erasers
OFF-AR-10000817;Manco Dry-Lighter Erasable Highlighter
OFF-AR-10000823;Newell 307
OFF-AR-10000896;Newell 329
OFF-AR-10000914;Boston 16765 Mini Stand Up Battery Pencil Sharpener
OFF-AR-10000937;Dixon Ticonderoga Core-Lock Colored Pencils, 48-Color Set
OFF-AR-10000940;Newell 343
OFF-AR-10001022;SANFORD Liquid Accent Tank-Style Highlighters
OFF-AR-10001044;BOSTON Ranger #55 Pencil Sharpener, Black
OFF-AR-10001118;Binney & Smith Crayola Metallic Crayons, 16-Color Pack
OFF-AR-10001149;Sanford Colorific Colored Pencils, 12/Box
OFF-AR-10001166;Staples in misc. colors
OFF-AR-10001216;Newell 339
OFF-AR-10001221;Dixon Ticonderoga Erasable Colored Pencil Set, 12-Color
OFF-AR-10001227;Newell 338
OFF-AR-10001231;Sanford EarthWrite Recycled Pencils, Medium Soft, #2
OFF-AR-10001246;Newell 317
OFF-AR-10001315;Newell 310
OFF-AR-10001374;BIC Brite Liner Highlighters, Chisel Tip
OFF-AR-10001419;Newell 325
OFF-AR-10001427;Newell 330
OFF-AR-10001446;Newell 309
OFF-AR-10001473;Newell 313
OFF-AR-10001545;Newell 326
OFF-AR-10001547;Newell 311
OFF-AR-10001573;American Pencil
OFF-AR-10001615;Newell 34
OFF-AR-10001662;Rogers Handheld Barrel Pencil Sharpener
OFF-AR-10001683;Lumber Crayons
OFF-AR-10001725;Boston Home & Office Model 2000 Electric Pencil Sharpeners
OFF-AR-10001761;Avery Hi-Liter Smear-Safe Highlighters
OFF-AR-10001770;Economy #2 Pencils
OFF-AR-10001860;BIC Liqua Brite Liner
OFF-AR-10001868;Prang Dustless Chalk Sticks
OFF-AR-10001897;Model L Table or Wall-Mount Pencil Sharpener
OFF-AR-10001915;Peel-Off China Markers
OFF-AR-10001919;OIC #2 Pencils, Medium Soft
OFF-AR-10001940;Sanford Colorific Eraseable Coloring Pencils, 12 Count
OFF-AR-10001955;Newell 319
OFF-AR-10001972;Newell 323
OFF-AR-10001988;Bulldog Table or Wall-Mount Pencil Sharpener
OFF-AR-10002053;Premium Writing Pencils, Soft, #2 by Central Association for the Blind
OFF-AR-10002067;Newell 334
OFF-AR-10002135;Boston Heavy-Duty Trimline Electric Pencil Sharpeners
OFF-AR-10002221;12 Colored Short Pencils
OFF-AR-10002240;Panasonic KP-150 Electric Pencil Sharpener
OFF-AR-10002255;Newell 346
OFF-AR-10002257;Eldon Spacemaker Box, Quick-Snap Lid, Clear
OFF-AR-10002335;DIXON Oriole Pencils
OFF-AR-10002375;Newell 351
OFF-AR-10002399;Dixon Prang Watercolor Pencils, 10-Color Set with Brush
OFF-AR-10002445;SANFORD Major Accent Highlighters
OFF-AR-10002467;Dixon Ticonderoga Pencils
OFF-AR-10002578;Newell 335
OFF-AR-10002671;Hunt BOSTON Model 1606 High-Volume Electric Pencil Sharpener, Beige
OFF-AR-10002766;Prang Drawing Pencil Set
OFF-AR-10002804;Faber Castell Col-Erase Pencils
OFF-AR-10002818;Panasonic KP-310 Heavy-Duty Electric Pencil Sharpener
OFF-AR-10002833;Newell 322
OFF-AR-10002952;Stanley Contemporary Battery Pencil Sharpeners
OFF-AR-10002956;Boston 16801 Nautilus Battery Pencil Sharpener
OFF-AR-10002987;Prismacolor Color Pencil Set
OFF-AR-10003045;Prang Colored Pencils
OFF-AR-10003056;Newell 341
OFF-AR-10003087;Staples in misc. colors
OFF-AR-10003156;50 Colored Long Pencils
OFF-AR-10003158;Fluorescent Highlighters by Dixon
OFF-AR-10003179;Dixon Ticonderoga Core-Lock Colored Pencils
OFF-AR-10003190;Newell 32
OFF-AR-10003251;Prang Drawing Pencil Set
OFF-AR-10003338;"Eberhard Faber 3 1/2"" Golf Pencils"
OFF-AR-10003373;Boston School Pro Electric Pencil Sharpener, 1670
OFF-AR-10003394;Newell 332
OFF-AR-10003405;Dixon My First Ticonderoga Pencil, #2
OFF-AR-10003469;Nontoxic Chalk
OFF-AR-10003478;Avery Hi-Liter EverBold Pen Style Fluorescent Highlighters, 4/Pack
OFF-AR-10003481;Newell 348
OFF-AR-10003504;Newell 347
OFF-AR-10003514;4009 Highlighters by Sanford
OFF-AR-10003560;Zebra Zazzle Fluorescent Highlighters
OFF-AR-10003582;Boston Electric Pencil Sharpener, Model 1818, Charcoal Black
OFF-AR-10003602;Quartet Omega Colored Chalk, 12/Pack
OFF-AR-10003631;Staples in misc. colors
OFF-AR-10003651;Newell 350
OFF-AR-10003696;Panasonic KP-350BK Electric Pencil Sharpener with Auto Stop
OFF-AR-10003723;Avery Hi-Liter Fluorescent Desk Style Markers
OFF-AR-10003727;Berol Giant Pencil Sharpener
OFF-AR-10003732;Newell 333
OFF-AR-10003752;Deluxe Chalkboard Eraser Cleaner
OFF-AR-10003759;Crayola Anti Dust Chalk, 12/Pack
OFF-AR-10003811;Newell 327
OFF-AR-10003829;Newell 35
OFF-AR-10003856;Newell 344
OFF-AR-10003903;Sanford 52201 APSCO Electric Pencil Sharpener
OFF-AR-10004022;Panasonic KP-380BK Classic Electric Pencil Sharpener
OFF-AR-10004042;BOSTON Model 1800 Electric Pencil Sharpeners, Putty/Woodgrain
OFF-AR-10004062;Staples in misc. colors
OFF-AR-10004078;Newell 312
OFF-AR-10004260;Boston 1799 Powerhouse Electric Pencil Sharpener
OFF-AR-10004269;Newell 31
OFF-AR-10004272;Newell 308
OFF-AR-10004344;Bulldog Vacuum Base Pencil Sharpener
OFF-AR-10004441;BIC Brite Liner Highlighters
OFF-AR-10004456;Panasonic KP-4ABK Battery-Operated Pencil Sharpener
OFF-AR-10004587;Boston 1827 Commercial Additional Cutter, Drive Gear & Gear Rack for 1606
OFF-AR-10004602;Boston KS Multi-Size Manual Pencil Sharpener
OFF-AR-10004648;Boston 19500 Mighty Mite Electric Pencil Sharpener
OFF-AR-10004685;Binney & Smith Crayola Metallic Colored Pencils, 8-Color Set
OFF-AR-10004691;Boston 1730 StandUp Electric Pencil Sharpener
OFF-AR-10004707;Staples in misc. colors
OFF-AR-10004752;Blackstonian Pencils
OFF-AR-10004757;Crayola Colored Pencils
OFF-AR-10004930;Turquoise Lead Holder with Pocket Clip
OFF-AR-10004956;Newell 33
OFF-BI-10000014;Heavy-Duty E-Z-D Binders
OFF-BI-10000042;"Pressboard Data Binder, Crimson, 12"" X 8 1/2"""
OFF-BI-10000050;Angle-D Binders with Locking Rings, Label Holders
OFF-BI-10000069;GBC Prepunched Paper, 19-Hole, for Binding Systems, 24-lb
OFF-BI-10000088;GBC Imprintable Covers
OFF-BI-10000136;Avery Non-Stick Heavy Duty View Round Locking Ring Binders
OFF-BI-10000138;Acco Translucent Poly Ring Binders
OFF-BI-10000145;Zipper Ring Binder Pockets
OFF-BI-10000174;Wilson Jones Clip & Carry Folder Binder Tool for Ring Binders, Clear
OFF-BI-10000216;"Mead 1st Gear 2"" Zipper Binder, Asst. Colors"
OFF-BI-10000279;"Acco Recycled 2"" Capacity Laser Printer Hanging Data Binders"
OFF-BI-10000285;XtraLife ClearVue Slant-D Ring Binders by Cardinal
OFF-BI-10000301;GBC Instant Report Kit
OFF-BI-10000309;"GBC Twin Loop Wire Binding Elements, 9/16"" Spine, Black"
OFF-BI-10000315;Poly Designer Cover & Back
OFF-BI-10000320;GBC Plastic Binding Combs
OFF-BI-10000343;"Pressboard Covers with Storage Hooks, 9 1/2"" x 11"", Light Blue"
OFF-BI-10000404;Avery Printable Repositionable Plastic Tabs
OFF-BI-10000494;Acco Economy Flexible Poly Round Ring Binder
OFF-BI-10000546;Avery Durable Binders
OFF-BI-10000591;Avery Binder Labels
OFF-BI-10000605;"Acco Pressboard Covers with Storage Hooks, 9 1/2"" x 11"", Executive Red"
OFF-BI-10000632;Satellite Sectional Post Binders
OFF-BI-10000666;Surelock Post Binders
OFF-BI-10000773;Insertable Tab Post Binder Dividers
OFF-BI-10000778;GBC VeloBinder Electric Binding Machine
OFF-BI-10000822;"Acco PRESSTEX Data Binder with Storage Hooks, Light Blue, 9 1/2"" X 11"""
OFF-BI-10000829;Avery Non-Stick Binders
OFF-BI-10000831;Storex Flexible Poly Binders with Double Pockets
OFF-BI-10000948;GBC Laser Imprintable Binding System Covers, Desert Sand
OFF-BI-10000962;"Acco Flexible ACCOHIDE Square Ring Data Binder, Dark Blue, 11 1/2"" X 14"" 7/8"""
OFF-BI-10000977;Ibico Plastic Spiral Binding Combs
OFF-BI-10001031;Pressboard Data Binders by Wilson Jones
OFF-BI-10001036;Cardinal EasyOpen D-Ring Binders
OFF-BI-10001078;"Acco PRESSTEX Data Binder with Storage Hooks, Dark Blue, 14 7/8"" X 11"""
OFF-BI-10001097;Avery Hole Reinforcements
OFF-BI-10001098;Acco D-Ring Binder w/DublLock
OFF-BI-10001107;GBC White Gloss Covers, Plain Front
OFF-BI-10001116;"Wilson Jones 1"" Hanging DublLock Ring Binders"
OFF-BI-10001120;Ibico EPK-21 Electric Binding System
OFF-BI-10001132;"Acco PRESSTEX Data Binder with Storage Hooks, Dark Blue, 9 1/2"" X 11"""
OFF-BI-10001153;Ibico Recycled Grain-Textured Covers
OFF-BI-10001191;Canvas Sectional Post Binders
OFF-BI-10001249;Avery Heavy-Duty EZD View Binder with Locking Rings
OFF-BI-10001267;Universal Recycled Hanging Pressboard Report Binders, Letter Size
OFF-BI-10001294;Fellowes Binding Cases
OFF-BI-10001308;GBC Standard Plastic Binding Systems' Combs
OFF-BI-10001460;Plastic Binding Combs
OFF-BI-10001510;Deluxe Heavy-Duty Vinyl Round Ring Binder
OFF-BI-10001524;GBC Premium Transparent Covers with Diagonal Lined Pattern
OFF-BI-10001525;"Acco Pressboard Covers with Storage Hooks, 14 7/8"" x 11"", Executive Red"
OFF-BI-10001543;GBC VeloBinder Manual Binding System
OFF-BI-10001553;SpineVue Locking Slant-D Ring Binders by Cardinal
OFF-BI-10001575;GBC Linen Binding Covers
OFF-BI-10001597;"Wilson Jones Ledger-Size, Piano-Hinge Binder, 2"", Blue"
OFF-BI-10001617;GBC Wire Binding Combs
OFF-BI-10001628;"Acco Data Flex Cable Posts For Top & Bottom Load Binders, 6"" Capacity"
OFF-BI-10001634;Wilson Jones Active Use Binders
OFF-BI-10001636;Ibico Plastic and Wire Spiral Binding Combs
OFF-BI-10001658;GBC Standard Therm-A-Bind Covers
OFF-BI-10001670;Vinyl Sectional Post Binders
OFF-BI-10001679;GBC Instant Index System for Binding Systems
OFF-BI-10001718;GBC DocuBind P50 Personal Binding Machine
OFF-BI-10001721;Trimflex Flexible Post Binders
OFF-BI-10001757;Pressboard Hanging Data Binders for Unburst Sheets
OFF-BI-10001758;Wilson Jones 14 Line Acrylic Coated Pressboard Data Binders
OFF-BI-10001759;"Acco Pressboard Covers with Storage Hooks, 14 7/8"" x 11"", Dark Blue"
OFF-BI-10001765;Wilson Jones Heavy-Duty Casebound Ring Binders with Metal Hinges
OFF-BI-10001787;Wilson Jones Four-Pocket Poly Binders
OFF-BI-10001890;Avery Poly Binder Pockets
OFF-BI-10001900;DXL Angle-View Binders with Locking Rings, Black
OFF-BI-10001922;Storex Dura Pro Binders
OFF-BI-10001982;Wilson Jones Custom Binder Spines & Labels
OFF-BI-10001989;Premium Transparent Presentation Covers by GBC
OFF-BI-10002003;Ibico Presentation Index for Binding Systems
OFF-BI-10002012;Wilson Jones Easy Flow II Sheet Lifters
OFF-BI-10002026;Ibico Recycled Linen-Style Covers
OFF-BI-10002049;UniKeep View Case Binders
OFF-BI-10002071;Fellowes Black Plastic Comb Bindings
OFF-BI-10002072;Cardinal Slant-D Ring Binders
OFF-BI-10002082;GBC Twin Loop Wire Binding Elements
OFF-BI-10002103;Cardinal Slant-D Ring Binder, Heavy Gauge Vinyl
OFF-BI-10002133;"Wilson Jones Elliptical Ring 3 1/2"" Capacity Binders, 800 sheets"
OFF-BI-10002160;Acco Hanging Data Binders
OFF-BI-10002194;Cardinal Hold-It CD Pocket
OFF-BI-10002215;"Wilson Jones Hanging View Binder, White, 1"""
OFF-BI-10002225;"Square Ring Data Binders, Rigid 75 Pt. Covers, 11"" x 14-7/8"""
OFF-BI-10002309;Avery Heavy-Duty EZD  Binder With Locking Rings
OFF-BI-10002353;GBC VeloBind Cover Sets
OFF-BI-10002393;Binder Posts
OFF-BI-10002429;Premier Elliptical Ring Binder, Black
OFF-BI-10002432;Wilson Jones Standard D-Ring Binders
OFF-BI-10002437;Recycled Premium Regency Composition Covers
OFF-BI-10002498;Clear Mylar Reinforcing Strips
OFF-BI-10002557;Presstex Flexible Ring Binders
OFF-BI-10002571;"Avery Framed View Binder, EZD Ring (Locking), Navy, 1 1/2"""
OFF-BI-10002609;Avery Hidden Tab Dividers for Binding Systems
OFF-BI-10002706;Avery Premier Heavy-Duty Binder with Round Locking Rings
OFF-BI-10002735;GBC Prestige Therm-A-Bind Covers
OFF-BI-10002764;Recycled Pressboard Report Cover with Reinforced Top Hinge
OFF-BI-10002794;"Avery Trapezoid Ring Binder, 3"" Capacity, Black, 1040 sheets"
OFF-BI-10002799;"SlimView Poly Binder, 3/8"""
OFF-BI-10002813;Avery Reinforcements for Hole-Punch Pages
OFF-BI-10002824;Recycled Easel Ring Binders
OFF-BI-10002827;Avery Durable Poly Binders
OFF-BI-10002852;Ibico Standard Transparent Covers
OFF-BI-10002854;Performers Binder/Pad Holder, Black
OFF-BI-10002867;GBC Recycled Regency Composition Covers
OFF-BI-10002897;"Black Avery Memo-Size 3-Ring Binder, 5 1/2"" x 8 1/2"""
OFF-BI-10002931;"Avery Trapezoid Extra Heavy Duty 4"" Binders"
OFF-BI-10002949;Prestige Round Ring Binders
OFF-BI-10002954;Newell 3-Hole Punched Plastic Slotted Magazine Holders for Binders
OFF-BI-10002976;ACCOHIDE Binder by Acco
OFF-BI-10002982;Avery Self-Adhesive Photo Pockets for Polaroid Photos
OFF-BI-10003007;"Premium Transparent Presentation Covers, No Pattern/Clear, 8 1/2"" x 11"""
OFF-BI-10003091;GBC DocuBind TL200 Manual Binding Machine
OFF-BI-10003094;Self-Adhesive Ring Binder Labels
OFF-BI-10003196;Accohide Poly Flexible Ring Binders
OFF-BI-10003274;Avery Durable Slant Ring Binders, No Labels
OFF-BI-10003291;Wilson Jones Leather-Like Binders with DublLock Round Rings
OFF-BI-10003305;Avery Hanging File Binders
OFF-BI-10003314;Tuff Stuff Recycled Round Ring Binders
OFF-BI-10003350;Acco Expandable Hanging Binders
OFF-BI-10003355;Cardinal Holdit Business Card Pockets
OFF-BI-10003364;Binding Machine Supplies
OFF-BI-10003429;Cardinal HOLDit! Binder Insert Strips,Extra Strips
OFF-BI-10003460;Acco 3-Hole Punch
OFF-BI-10003476;Avery Metallic Poly Binders
OFF-BI-10003527;Fellowes PB500 Electric Punch Plastic Comb Binding Machine with Manual Bind
OFF-BI-10003529;Avery Round Ring Poly Binders
OFF-BI-10003638;GBC Durable Plastic Covers
OFF-BI-10003650;GBC DocuBind 300 Electric Binding Machine
OFF-BI-10003656;Fellowes PB200 Plastic Comb Binding Machine
OFF-BI-10003676;GBC Standard Recycled Report Covers, Clear Plastic Sheets
OFF-BI-10003684;Wilson Jones Legal Size Ring Binders
OFF-BI-10003694;"Avery 3 1/2"" Diskette Storage Pages, 10/Pack"
OFF-BI-10003707;Aluminum Screw Posts
OFF-BI-10003708;"Acco Four Pocket Poly Ring Binder with Label Holder, Smoke, 1"""
OFF-BI-10003712;"Acco Pressboard Covers with Storage Hooks, 14 7/8"" x 11"", Light Blue"
OFF-BI-10003718;GBC Therma-A-Bind 250T Electric Binding System
OFF-BI-10003719;Large Capacity Hanging Post Binders
OFF-BI-10003727;Avery Durable Slant Ring Binders With Label Holder
OFF-BI-10003784;Computer Printout Index Tabs
OFF-BI-10003876;"Green Canvas Binder for 8-1/2"" x 14"" Sheets"
OFF-BI-10003910;DXL Angle-View Binders with Locking Rings by Samsill
OFF-BI-10003925;Fellowes PB300 Plastic Comb Binding Machine
OFF-BI-10003963;Cardinal Holdit Data Disk Pockets
OFF-BI-10003981;"Avery Durable Plastic 1"" Binders"
OFF-BI-10003982;Wilson Jones Century Plastic Molded Ring Binders
OFF-BI-10003984;Lock-Up Easel 'Spel-Binder'
OFF-BI-10004001;GBC Recycled VeloBinder Covers
OFF-BI-10004002;Wilson Jones International Size A4 Ring Binders
OFF-BI-10004022;Acco Suede Grain Vinyl Round Ring Binder
OFF-BI-10004040;Wilson Jones Impact Binders
OFF-BI-10004140;Avery Non-Stick Binders
OFF-BI-10004182;Economy Binders
OFF-BI-10004187;3-ring staple pack
OFF-BI-10004209;Fellowes Twister Kit, Gray/Clear, 3/pkg
OFF-BI-10004224;Catalog Binders with Expanding Posts
OFF-BI-10004230;GBC Recycled Grain Textured Covers
OFF-BI-10004233;"GBC Pre-Punched Binding Paper, Plastic, White, 8-1/2"" x 11"""
OFF-BI-10004236;"XtraLife ClearVue Slant-D Ring Binder, White, 3"""
OFF-BI-10004308;Avery Legal 4-Ring Binder
OFF-BI-10004318;Ibico EB-19 Dual Function Manual Binding System
OFF-BI-10004330;GBC Velobind Prepunched Cover Sets, Regency Series
OFF-BI-10004352;Wilson Jones DublLock D-Ring Binders
OFF-BI-10004364;Storex Dura Pro Binders
OFF-BI-10004390;GBC DocuBind 200 Manual Binding Machine
OFF-BI-10004410;C-Line Peel & Stick Add-On Filing Pockets, 8-3/4 x 5-1/8, 10/Pack
OFF-BI-10004465;Avery Durable Slant Ring Binders
OFF-BI-10004492;Tuf-Vin Binders
OFF-BI-10004506;Wilson Jones data.warehouse D-Ring Binders with DublLock
OFF-BI-10004519;GBC DocuBind P100 Manual Binding Machine
OFF-BI-10004528;Cardinal Poly Pocket Divider Pockets for Ring Binders
OFF-BI-10004584;GBC ProClick 150 Presentation Binding System
OFF-BI-10004593;Ibico Laser Imprintable Binding System Covers
OFF-BI-10004600;Ibico Ibimaster 300 Manual Binding System
OFF-BI-10004632;Ibico Hi-Tech Manual Binding System
OFF-BI-10004654;Avery Binding System Hidden Tab Executive Style Index Sets
OFF-BI-10004656;Peel & Stick Add-On Corner Pockets
OFF-BI-10004728;Wilson Jones Turn Tabs Binder Tool for Ring Binders
OFF-BI-10004738;Flexible Leather- Look Classic Collection Ring Binder
OFF-BI-10004781;GBC Wire Binding Strips
OFF-BI-10004817;GBC Personal VeloBind Strips
OFF-BI-10004826;JM Magazine Binder
OFF-BI-10004828;GBC Poly Designer Binding Covers
OFF-BI-10004967;Round Ring Binders
OFF-BI-10004970;"ACCOHIDE 3-Ring Binder, Blue, 1"""
OFF-BI-10004995;GBC DocuBind P400 Electric Binding System
OFF-EN-10000056;Cameo Buff Policy Envelopes
OFF-EN-10000461;"#10- 4 1/8"" x 9 1/2"" Recycled Envelopes"
OFF-EN-10000483;White Envelopes, White Envelopes with Clear Poly Window
OFF-EN-10000927;Jet-Pak Recycled Peel 'N' Seal Padded Mailers
OFF-EN-10001028;Staple envelope
OFF-EN-10001141;"Manila Recycled Extra-Heavyweight Clasp Envelopes, 6"" x 9"""
OFF-EN-10001219;"#10- 4 1/8"" x 9 1/2"" Security-Tint Envelopes"
OFF-EN-10001335;White Business Envelopes with Contemporary Seam, Recycled White Business Envelopes
OFF-EN-10001415;Staple envelope
OFF-EN-10001434;Strathmore #10 Envelopes, Ultimate White
OFF-EN-10001453;"Tyvek Interoffice Envelopes, 9 1/2"" x 12 1/2"", 100/Box"
OFF-EN-10001509;Poly String Tie Envelopes
OFF-EN-10001539;Staple envelope
OFF-EN-10001990;Staple envelope
OFF-EN-10002230;Airmail Envelopes
OFF-EN-10002312;#10 Self-Seal White Envelopes
OFF-EN-10002500;Globe Weis Peel & Seel First Class Envelopes
OFF-EN-10002504;Tyvek  Top-Opening Peel & Seel Envelopes, Plain White
OFF-EN-10002592;Peel & Seel Recycled Catalog Envelopes, Brown
OFF-EN-10002600;Redi-Strip #10 Envelopes, 4 1/8 x 9 1/2
OFF-EN-10002621;Staple envelope
OFF-EN-10002973;Ampad #10 Peel & Seel Holiday Envelopes
OFF-EN-10003001;Ames Color-File Green Diamond Border X-ray Mailers
OFF-EN-10003068;#6 3/4 Gummed Flap White Envelopes
OFF-EN-10003072;Peel & Seel Envelopes
OFF-EN-10003134;Staple envelope
OFF-EN-10003160;Pastel Pink Envelopes
OFF-EN-10003296;Tyvek Side-Opening Peel & Seel Expanding Envelopes
OFF-EN-10003448;Peel & Seel Recycled Catalog Envelopes, Brown
OFF-EN-10003567;"Inter-Office Recycled Envelopes, Brown Kraft, Button-String,10"" x 13"" , 100/Box"
OFF-EN-10003862;Laser & Ink Jet Business Envelopes
OFF-EN-10004030;Convenience Packs of Business Envelopes
OFF-EN-10004147;Wausau Papers Astrobrights Colored Envelopes
OFF-EN-10004386;Recycled Interoffice Envelopes with String and Button Closure, 10 x 13
OFF-EN-10004459;Security-Tint Envelopes
OFF-EN-10004483;#10 White Business Envelopes,4 1/8 x 9 1/2
OFF-EN-10004773;Staple envelope
OFF-EN-10004846;Letter or Legal Size Expandable Poly String Tie Envelopes
OFF-FA-10000053;Revere Boxed Rubber Bands by Revere
OFF-FA-10000089;Acco Glide Clips
OFF-FA-10000134;Advantus Push Pins, Aluminum Head
OFF-FA-10000254;Sterling Rubber Bands by Alliance
OFF-FA-10000304;Advantus Push Pins
OFF-FA-10000490;"OIC Binder Clips, Mini, 1/4"" Capacity, Black"
OFF-FA-10000585;OIC Bulk Pack Metal Binder Clips
OFF-FA-10000611;Binder Clips by OIC
OFF-FA-10000621;OIC Colored Binder Clips, Assorted Sizes
OFF-FA-10000624;OIC Binder Clips
OFF-FA-10000735;Staples
OFF-FA-10000840;OIC Thumb-Tacks
OFF-FA-10000992;Acco Clips to Go Binder Clips, 24 Clips in Two Sizes
OFF-FA-10001135;Brites Rubber Bands, 1 1/2 oz. Box
OFF-FA-10001229;Staples
OFF-FA-10001332;"Acco Banker's Clasps, 5 3/4""-Long"
OFF-FA-10001561;Stockwell Push Pins
OFF-FA-10001843;Staples
OFF-FA-10001883;Alliance Super-Size Bands, Assorted Sizes
OFF-FA-10002280;Advantus Plastic Paper Clips
OFF-FA-10002676;Colored Push Pins
OFF-FA-10002701;Alliance Rubber Bands
OFF-FA-10002763;Advantus Map Pennant Flags and Round Head Tacks
OFF-FA-10002780;Staples
OFF-FA-10002975;Staples
OFF-FA-10002983;Advantus SlideClip Paper Clips
OFF-FA-10002988;Ideal Clamps
OFF-FA-10003021;Staples
OFF-FA-10003059;Assorted Color Push Pins
OFF-FA-10003112;Staples
OFF-FA-10003467;Alliance Big Bands Rubber Bands, 12/Pack
OFF-FA-10003472;Bagged Rubber Bands
OFF-FA-10003485;Staples
OFF-FA-10003495;Staples
OFF-FA-10004248;Advantus T-Pin Paper Clips
OFF-FA-10004395;Plymouth Boxed Rubber Bands by Plymouth
OFF-FA-10004838;Super Bands, 12/Pack
OFF-FA-10004854;Vinyl Coated Wire Paper Clips in Organizer Box, 800/Box
OFF-FA-10004968;Rubber Band Ball
OFF-LA-10000081;Avery 496
OFF-LA-10000121;Avery 48
OFF-LA-10000134;Avery 511
OFF-LA-10000240;Self-Adhesive Address Labels for Typewriters by Universal
OFF-LA-10000248;Avery 52
OFF-LA-10000262;Avery 494
OFF-LA-10000305;Avery 495
OFF-LA-10000407;Avery White Multi-Purpose Labels
OFF-LA-10000414;Avery 503
OFF-LA-10000443;Avery 501
OFF-LA-10000452;Avery 488
OFF-LA-10000634;Avery 509
OFF-LA-10001045;Permanent Self-Adhesive File Folder Labels for Typewriters by Universal
OFF-LA-10001074;Round Specialty Laser Printer Labels
OFF-LA-10001158;"Avery Address/Shipping Labels for Typewriters, 4"" x 2"""
OFF-LA-10001175;Avery 514
OFF-LA-10001297;Avery 473
OFF-LA-10001404;Avery 517
OFF-LA-10001474;Avery 477
OFF-LA-10001569;Avery 499
OFF-LA-10001613;Avery File Folder Labels
OFF-LA-10001641;Avery 518
OFF-LA-10001771;Avery 513
OFF-LA-10001934;Avery 516
OFF-LA-10001982;Smead Alpha-Z Color-Coded Name Labels First Letter Starter Set
OFF-LA-10002034;Avery 478
OFF-LA-10002043;Avery 489
OFF-LA-10002195;Avery 481
OFF-LA-10002271;Smead Alpha-Z Color-Coded Second Alphabetical Labels and Starter Set
OFF-LA-10002312;Avery 490
OFF-LA-10002381;Avery 497
OFF-LA-10002475;Avery 519
OFF-LA-10002762;Avery 485
OFF-LA-10002787;Avery 480
OFF-LA-10002945;Permanent Self-Adhesive File Folder Labels for Typewriters, 1 1/8 x 3 1/2, White
OFF-LA-10003077;Avery 500
OFF-LA-10003121;Avery 506
OFF-LA-10003148;Avery 51
OFF-LA-10003190;Avery 474
OFF-LA-10003223;Avery 508
OFF-LA-10003498;Avery 475
OFF-LA-10003510;Avery 4027 File Folder Labels for Dot Matrix Printers, 5000 Labels per Box, White
OFF-LA-10003663;Avery 498
OFF-LA-10003714;Avery 510
OFF-LA-10003720;Avery 487
OFF-LA-10003766;Self-Adhesive Removable Labels
OFF-LA-10003923;Alphabetical Labels for Top Tab Filing
OFF-LA-10003930;Dot Matrix Printer Tape Reel Labels, White, 5000/Box
OFF-LA-10004008;Avery 507
OFF-LA-10004093;Avery 486
OFF-LA-10004272;Avery 482
OFF-LA-10004345;Avery 493
OFF-LA-10004409;Avery 492
OFF-LA-10004425;Staple-on labels
OFF-LA-10004484;Avery 476
OFF-LA-10004544;Avery 505
OFF-LA-10004545;Avery 50
OFF-LA-10004559;Avery 49
OFF-LA-10004689;Avery 512
OFF-LA-10004853;Avery 483
OFF-PA-10000019;Xerox 1931
OFF-PA-10000048;Xerox 20
OFF-PA-10000062;Green Bar Computer Printout Paper
OFF-PA-10000069;TOPS 4 x 6 Fluorescent Color Memo Sheets, 500 Sheets per Pack
OFF-PA-10000100;Xerox 1945
OFF-PA-10000141;"Ampad Evidence Wirebond Steno Books, 6"" x 9"""
OFF-PA-10000143;Astroparche Fine Business Paper
OFF-PA-10000157;Xerox 191
OFF-PA-10000167;Xerox 1925
OFF-PA-10000174;"Message Book, Wirebound, Four 5 1/2"" X 4"" Forms/Pg., 200 Dupl. Sets/Book"
OFF-PA-10000176;Xerox 1887
OFF-PA-10000210;Xerox Blank Computer Paper
OFF-PA-10000223;Xerox 2000
OFF-PA-10000232;Xerox 1975
OFF-PA-10000241;"IBM Multi-Purpose Copy Paper, 8 1/2 x 11"", Case"
OFF-PA-10000246;Riverleaf Stik-Withit Designer Note Cubes
OFF-PA-10000249;Easy-staple paper
OFF-PA-10000289;Xerox 213
OFF-PA-10000295;Xerox 229
OFF-PA-10000304;Xerox 1995
OFF-PA-10000327;Xerox 1971
OFF-PA-10000350;"Message Book, Standard Line ""While You Were Out"", 5 1/2"" X 4"", 200 Sets/Book"
OFF-PA-10000357;Xerox 1888
OFF-PA-10000380;"REDIFORM Incoming/Outgoing Call Register, 11"" X 8 1/2"", 100 Messages"
OFF-PA-10000418;Xerox 189
OFF-PA-10000474;Easy-staple paper
OFF-PA-10000477;Xerox 1952
OFF-PA-10000482;Snap-A-Way Black Print Carbonless Ruled Speed Letter, Triplicate
OFF-PA-10000483;Xerox 19
OFF-PA-10000501;Petty Cash Envelope
OFF-PA-10000520;Xerox 201
OFF-PA-10000528;Xerox 1981
OFF-PA-10000533;Southworth Parchment Paper & Envelopes
OFF-PA-10000551;Array Memo Cubes
OFF-PA-10000552;Xerox 200
OFF-PA-10000575;Wirebound Message Books, Four 2 3/4 x 5 White Forms per Page
OFF-PA-10000595;Xerox 1929
OFF-PA-10000659;TOPS Carbonless Receipt Book, Four 2-3/4 x 7-1/4 Money Receipts per Page
OFF-PA-10000675;Xerox 1919
OFF-PA-10000682;Xerox 1924
OFF-PA-10000726;"Black Print Carbonless Snap-Off Rapid Letter, 8 1/2"" x 7"""
OFF-PA-10000740;Xerox 1982
OFF-PA-10000743;Xerox 1977
OFF-PA-10000788;Xerox 210
OFF-PA-10000791;Wirebound Message Books, Four 2 3/4 x 5 Forms per Page, 200 Sets per Book
OFF-PA-10000806;Xerox 1934
OFF-PA-10000807;"TOPS ""Important Message"" Pads, Canary, 4-1/4 x 5-1/2, 50 Sheets per Pad"
OFF-PA-10000809;Xerox 206
OFF-PA-10000859;Unpadded Memo Slips
OFF-PA-10000994;Xerox 1915
OFF-PA-10001019;Xerox 1884
OFF-PA-10001033;Xerox 1893
OFF-PA-10001125;Xerox 1988
OFF-PA-10001144;Xerox 1913
OFF-PA-10001166;Xerox 2
OFF-PA-10001184;Xerox 1903
OFF-PA-10001204;Xerox 1972
OFF-PA-10001243;Xerox 1983
OFF-PA-10001246;Xerox 215
OFF-PA-10001260;TOPS Money Receipt Book, Consecutively Numbered in Red,
OFF-PA-10001289;White Computer Printout Paper by Universal
OFF-PA-10001293;Xerox 1946
OFF-PA-10001295;Computer Printout Paper with Letter-Trim Perforations
OFF-PA-10001307;Important Message Pads, 50 4-1/4 x 5-1/2 Forms per Pad
OFF-PA-10001357;Xerox 1886
OFF-PA-10001363;Xerox 1933
OFF-PA-10001450;Rediform S.O.S. Phone Message Books
OFF-PA-10001457;White GlueTop Scratch Pads
OFF-PA-10001471;Strathmore Photo Frame Cards
OFF-PA-10001497;Xerox 1914
OFF-PA-10001509;"Recycled Desk Saver Line ""While You Were Out"" Book, 5 1/2"" X 4"""
OFF-PA-10001526;Xerox 1949
OFF-PA-10001534;Xerox 230
OFF-PA-10001569;Xerox 232
OFF-PA-10001593;Xerox 1947
OFF-PA-10001609;Tops Wirebound Message Log Books
OFF-PA-10001639;Xerox 203
OFF-PA-10001661;Xerox 1922
OFF-PA-10001667;Great White Multi-Use Recycled Paper (20Lb. and 84 Bright)
OFF-PA-10001725;Xerox 1892
OFF-PA-10001736;Xerox 1880
OFF-PA-10001745;"Wirebound Message Books, 2 7/8"" x 5"", 3 Forms per Page"
OFF-PA-10001752;Hammermill CopyPlus Copy Paper (20Lb. and 84 Bright)
OFF-PA-10001763;Xerox 1896
OFF-PA-10001776;"Wirebound Message Books, Four 2 3/4"" x 5"" Forms per Page, 600 Sets per Book"
OFF-PA-10001800;Xerox 220
OFF-PA-10001801;Xerox 193
OFF-PA-10001804;Xerox 195
OFF-PA-10001815;Xerox 1885
OFF-PA-10001837;Xerox 1976
OFF-PA-10001838;"Adams Telephone Message Book W/Dividers/Space For Phone Numbers, 5 1/4""X8 1/2"", 30"
OFF-PA-10001846;Xerox 1899
OFF-PA-10001870;Xerox 202
OFF-PA-10001878;Xerox 1891
OFF-PA-10001892;"Rediform Wirebound ""Phone Memo"" Message Book, 11 x 5-3/4"
OFF-PA-10001937;Xerox 21
OFF-PA-10001947;Xerox 1974
OFF-PA-10001950;Southworth 25% Cotton Antique Laid Paper & Envelopes
OFF-PA-10001954;Xerox 1964
OFF-PA-10001970;Xerox 1881
OFF-PA-10001972;Xerox 214
OFF-PA-10001977;Xerox 194
OFF-PA-10002001;Xerox 1984
OFF-PA-10002005;Xerox 225
OFF-PA-10002036;Xerox 1930
OFF-PA-10002105;Xerox 223
OFF-PA-10002137;Southworth 100% Résumé Paper, 24lb.
OFF-PA-10002160;Xerox 1978
OFF-PA-10002195;Xerox 1966
OFF-PA-10002222;"Xerox Color Copier Paper, 11"" x 17"", Ream"
OFF-PA-10002230;Xerox 1897
OFF-PA-10002245;Xerox 1895
OFF-PA-10002246;Wirebound Four 2-3/4 x 5 Forms per Page, 400 Sets per Book
OFF-PA-10002250;Things To Do Today Pad
OFF-PA-10002254;Xerox 1883
OFF-PA-10002259;"Geographics Note Cards, Blank, White, 8 1/2"" x 11"""
OFF-PA-10002262;Xerox 192
OFF-PA-10002319;Xerox 1944
OFF-PA-10002333;"Universal Ultra Bright White Copier/Laser Paper, 8 1/2"" x 11"", Ream"
OFF-PA-10002365;Xerox 1967
OFF-PA-10002377;Xerox 1916
OFF-PA-10002421;Embossed Ink Jet Note Cards
OFF-PA-10002464;HP Office Recycled Paper (20Lb. and 87 Bright)
OFF-PA-10002479;Xerox 4200 Series MultiUse Premium Copy Paper (20Lb. and 84 Bright)
OFF-PA-10002581;Xerox 1951
OFF-PA-10002586;Xerox 1970
OFF-PA-10002606;Xerox 1928
OFF-PA-10002615;"Ampad Gold Fibre Wirebound Steno Books, 6"" x 9"", Gregg Ruled"
OFF-PA-10002666;Southworth 25% Cotton Linen-Finish Paper & Envelopes
OFF-PA-10002689;Weyerhaeuser First Choice Laser/Copy Paper (20Lb. and 88 Bright)
OFF-PA-10002713;Adams Phone Message Book, 200 Message Capacity, 8 1/16” x 11”
OFF-PA-10002749;Wirebound Message Books, 5-1/2 x 4 Forms, 2 or 4 Forms per Page
OFF-PA-10002751;Xerox 1920
OFF-PA-10002764;Easy-staple paper
OFF-PA-10002787;Xerox 227
OFF-PA-10002870;Ampad Phone Message Book, Recycled, 400 Message Capacity, 5 ¾” x 11”
OFF-PA-10002893;"Wirebound Service Call Books, 5 1/2"" x 4"""
OFF-PA-10002923;Xerox 1942
OFF-PA-10002947;Xerox 1923
OFF-PA-10002968;Xerox 1973
OFF-PA-10002986;Xerox 1898
OFF-PA-10003001;Xerox 1986
OFF-PA-10003016;"Adams ""While You Were Out"" Message Pads"
OFF-PA-10003022;Xerox 1992
OFF-PA-10003036;"Black Print Carbonless 8 1/2"" x 8 1/4"" Rapid Memo Book"
OFF-PA-10003039;Xerox 1960
OFF-PA-10003063;EcoTones Memo Sheets
OFF-PA-10003072;"Eureka Recycled Copy Paper 8 1/2"" x 11"", Ream"
OFF-PA-10003127;Easy-staple paper
OFF-PA-10003129;Tops White Computer Printout Paper
OFF-PA-10003134;Xerox 1937
OFF-PA-10003172;Xerox 1996
OFF-PA-10003177;Xerox 1999
OFF-PA-10003205;Wirebound Message Forms, Four 2 3/4 x 5 Forms per Page, Pink Paper
OFF-PA-10003228;Xerox 1917
OFF-PA-10003256;Avery Personal Creations Heavyweight Cards
OFF-PA-10003270;Xerox 1954
OFF-PA-10003309;Xerox 211
OFF-PA-10003363;Xerox 204
OFF-PA-10003395;Xerox 1941
OFF-PA-10003424;"""While you Were Out"" Message Book, One Form per Page"
OFF-PA-10003441;Xerox 226
OFF-PA-10003465;Xerox 1912
OFF-PA-10003625;Xerox 1979
OFF-PA-10003641;Xerox 1909
OFF-PA-10003651;Xerox 1968
OFF-PA-10003657;Xerox 1927
OFF-PA-10003673;Strathmore Photo Mount Cards
OFF-PA-10003724;Wirebound Message Book, 4 per Page
OFF-PA-10003790;Xerox 1991
OFF-PA-10003797;Xerox 209
OFF-PA-10003845;Xerox 1987
OFF-PA-10003848;Xerox 1997
OFF-PA-10003883;"Message Book, Phone, Wirebound Standard Line Memo, 2 3/4"" X 5"""
OFF-PA-10003892;Xerox 1943
OFF-PA-10003893;Xerox 1962
OFF-PA-10003953;Xerox 218
OFF-PA-10003971;Xerox 1965
OFF-PA-10004000;While You Were Out Pads, 50 per Pad, 4 x 5 1/4, Green Cycle
OFF-PA-10004022;Hammermill Color Copier Paper (28Lb. and 96 Bright)
OFF-PA-10004039;Xerox 1882
OFF-PA-10004040;Universal Premium White Copier/Laser Paper (20Lb. and 87 Bright)
OFF-PA-10004041;"It's Hot Message Books with Stickers, 2 3/4"" x 5"""
OFF-PA-10004071;Eaton Premium Continuous-Feed Paper, 25% Cotton, Letter Size, White, 1000 Shts/Box
OFF-PA-10004082;Adams Telephone Message Book w/Frequently-Called Numbers Space, 400 Messages per B
OFF-PA-10004092;Tops Green Bar Computer Printout Paper
OFF-PA-10004100;Xerox 216
OFF-PA-10004101;Xerox 1894
OFF-PA-10004239;Xerox 1953
OFF-PA-10004243;Xerox 1939
OFF-PA-10004255;Xerox 219
OFF-PA-10004285;Xerox 1959
OFF-PA-10004327;Xerox 1911
OFF-PA-10004353;Southworth 25% Cotton Premium Laser Paper and Envelopes
OFF-PA-10004355;Xerox 231
OFF-PA-10004359;Multicolor Computer Printout Paper
OFF-PA-10004381;14-7/8 x 11 Blue Bar Computer Printout Paper
OFF-PA-10004405;Rediform Voice Mail Log Books
OFF-PA-10004438;Xerox 1907
OFF-PA-10004451;Xerox 222
OFF-PA-10004475;Xerox 1940
OFF-PA-10004519;Spiral Phone Message Books with Labels by Adams
OFF-PA-10004530;Personal Creations Ink Jet Cards and Labels
OFF-PA-10004569;"Wirebound Message Books, Two 4 1/4"" x 5"" Forms per Page"
OFF-PA-10004609;Xerox 221
OFF-PA-10004610;Xerox 1900
OFF-PA-10004621;Xerox 212
OFF-PA-10004675;"Telephone Message Books with Fax/Mobile Section, 5 1/2"" x 3 3/16"""
OFF-PA-10004733;Things To Do Today Spiral Book
OFF-PA-10004734;Southworth Structures Collection
OFF-PA-10004735;Xerox 1905
OFF-PA-10004782;Xerox 228
OFF-PA-10004888;Xerox 217
OFF-PA-10004911;Rediform S.O.S. 1-Up Phone Message Bk, 4-1/4x3-1/16 Bk, 1 Form/Pg, 40 Messages/Bk,
OFF-PA-10004947;Easy-staple paper
OFF-PA-10004948;Xerox 190
OFF-PA-10004971;Xerox 196
OFF-PA-10004983;Xerox 23
OFF-ST-10000025;Fellowes Stor/Drawer Steel Plus Storage Drawers
OFF-ST-10000036;Recycled Data-Pak for Archival Bound Computer Printouts, 12-1/2 x 12-1/2 x 16
OFF-ST-10000046;Fellowes Super Stor/Drawer Files
OFF-ST-10000060;Fellowes Bankers Box Staxonsteel Drawer File/Stacking System
OFF-ST-10000078;Tennsco 6- and 18-Compartment Lockers
OFF-ST-10000107;Fellowes Super Stor/Drawer
OFF-ST-10000129;Fellowes Recycled Storage Drawers
OFF-ST-10000142;Deluxe Rollaway Locking File with Drawer
OFF-ST-10000321;Akro Stacking Bins
OFF-ST-10000344;Neat Ideas Personal Hanging Folder Files, Black
OFF-ST-10000352;Acco Perma 2700 Stacking Storage Drawers
OFF-ST-10000419;Rogers Jumbo File, Granite
OFF-ST-10000464;Multi-Use Personal File Cart and Caster Set, Three Stacking Bins
OFF-ST-10000532;Advantus Rolling Drawer Organizers
OFF-ST-10000563;Fellowes Bankers Box Stor/Drawer Steel Plus
OFF-ST-10000585;Economy Rollaway Files
OFF-ST-10000604;Home/Office Personal File Carts
OFF-ST-10000615;SimpliFile Personal File, Black Granite, 15w x 6-15/16d x 11-1/4h
OFF-ST-10000617;Woodgrain Magazine Files by Perma
OFF-ST-10000636;Rogers Profile Extra Capacity Storage Tub
OFF-ST-10000642;Tennsco Lockers, Gray
OFF-ST-10000649;Hanging Personal Folder File
OFF-ST-10000675;File Shuttle II and Handi-File, Black
OFF-ST-10000689;Fellowes Strictly Business Drawer File, Letter/Legal Size
OFF-ST-10000736;Carina Double Wide Media Storage Towers in Natural & Black
OFF-ST-10000760;Eldon Fold 'N Roll Cart System
OFF-ST-10000777;Companion Letter/Legal File, Black
OFF-ST-10000798;2300 Heavy-Duty Transfer File Systems by Perma
OFF-ST-10000876;Eldon Simplefile Box Office
OFF-ST-10000934;"Contico 72""H Heavy-Duty Storage System"
OFF-ST-10000943;Eldon ProFile File 'N Store Portable File Tub Letter/Legal Size Black
OFF-ST-10000991;Space Solutions HD Industrial Steel Shelving.
OFF-ST-10001031;Adjustable Personal File Tote
OFF-ST-10001034;Eldon File Chest Portable File
OFF-ST-10001097;Office Impressions Heavy Duty Welded Shelving & Multimedia Storage Drawers
OFF-ST-10001128;Carina Mini System Audio Rack, Model AR050B
OFF-ST-10001228;Fellowes Personal Hanging Folder Files, Navy
OFF-ST-10001272;Mini 13-1/2 Capacity Data Binder Rack, Pearl
OFF-ST-10001321;Decoflex Hanging Personal Folder File, Blue
OFF-ST-10001325;Sterilite Officeware Hinged File Box
OFF-ST-10001328;Personal Filing Tote with Lid, Black/Gray
OFF-ST-10001370;Sensible Storage WireTech Storage Systems
OFF-ST-10001418;Carina Media Storage Towers in Natural & Black
OFF-ST-10001469;Fellowes Bankers Box Recycled Super Stor/Drawer
OFF-ST-10001490;Hot File 7-Pocket, Floor Stand
OFF-ST-10001496;Standard Rollaway File with Lock
OFF-ST-10001505;"Perma STOR-ALL Hanging File Box, 13 1/8""W x 12 1/4""D x 10 1/2""H"
OFF-ST-10001511;Space Solutions Commercial Steel Shelving
OFF-ST-10001522;Gould Plastics 18-Pocket Panel Bin, 34w x 5-1/4d x 20-1/2h
OFF-ST-10001526;Iceberg Mobile Mega Data/Printer Cart
OFF-ST-10001558;Acco Perma 4000 Stacking Storage Drawers
OFF-ST-10001580;Super Decoflex Portable Personal File
OFF-ST-10001590;Tenex Personal Project File with Scoop Front Design, Black
OFF-ST-10001713;Gould Plastics 9-Pocket Panel Bin, 18-3/8w x 5-1/4d x 20-1/2h, Black
OFF-ST-10001780;Tennsco 16-Compartment Lockers with Coat Rack
OFF-ST-10001809;Fellowes Officeware Wire Shelving
OFF-ST-10001837;SAFCO Mobile Desk Side File, Wire Frame
OFF-ST-10001932;Fellowes Staxonsteel Drawer Files
OFF-ST-10001963;Tennsco Regal Shelving Units
OFF-ST-10002205;File Shuttle I and Handi-File
OFF-ST-10002214;X-Rack File for Hanging Folders
OFF-ST-10002289;"Safco Wire Cube Shelving System, For Use as 4 or 5 14"" Cubes, Black"
OFF-ST-10002292;Sauder Facets Collection Locker/File Cabinet, Sky Alder Finish
OFF-ST-10002301;Tennsco Commercial Shelving
OFF-ST-10002344;"Carina 42""Hx23 3/4""W Media Storage Unit"
OFF-ST-10002352;Iris Project Case
OFF-ST-10002370;Sortfiler Multipurpose Personal File Organizer, Black
OFF-ST-10002406;Pizazz Global Quick File
OFF-ST-10002485;Rogers Deluxe File Chest
OFF-ST-10002486;Eldon Shelf Savers Cubes and Bins
OFF-ST-10002554;Tennsco Industrial Shelving
OFF-ST-10002574;SAFCO Commercial Wire Shelving, Black
OFF-ST-10002583;Fellowes Neat Ideas Storage Cubes
OFF-ST-10002615;Dual Level, Single-Width Filing Carts
OFF-ST-10002743;SAFCO Boltless Steel Shelving
OFF-ST-10002756;"Tennsco Stur-D-Stor Boltless Shelving, 5 Shelves, 24"" Deep, Sand"
OFF-ST-10002957;Sterilite Show Offs Storage Containers
OFF-ST-10002974;Trav-L-File Heavy-Duty Shuttle II, Black
OFF-ST-10003058;Eldon Mobile Mega Data Cart  Mega Stackable  Add-On Trays
OFF-ST-10003123;Fellowes Bases and Tops For Staxonsteel/High-Stak Systems
OFF-ST-10003208;Adjustable Depth Letter/Legal Cart
OFF-ST-10003221;Staple magnet
OFF-ST-10003306;Letter Size Cart
OFF-ST-10003327;Akro-Mils 12-Gallon Tote
OFF-ST-10003442;Eldon Portable Mobile Manager
OFF-ST-10003455;Tenex File Box, Personal Filing Tote with Lid, Black
OFF-ST-10003470;Tennsco Snap-Together Open Shelving Units, Starter Sets and Add-On Units
OFF-ST-10003479;Eldon Base for stackable storage shelf, platinum
OFF-ST-10003638;Mobile Personal File Cube
OFF-ST-10003656;Safco Industrial Wire Shelving
OFF-ST-10003692;Recycled Steel Personal File for Hanging File Folders
OFF-ST-10003716;Tennsco Double-Tier Lockers
OFF-ST-10003722;Project Tote Personal File
OFF-ST-10003805;24 Capacity Maxi Data Binder Racks, Pearl
OFF-ST-10003816;Fellowes High-Stak Drawer Files
OFF-ST-10003994;"Belkin 19"" Center-Weighted Shelf, Gray"
OFF-ST-10003996;Letter/Legal File Tote with Clear Snap-On Lid, Black Granite
OFF-ST-10004180;Safco Commercial Shelving
OFF-ST-10004186;"Stur-D-Stor Shelving, Vertical 5-Shelf: 72""H x 36""W x 18 1/2""D"
OFF-ST-10004258;Portable Personal File Box
OFF-ST-10004340;Fellowes Mobile File Cart, Black
OFF-ST-10004459;Tennsco Single-Tier Lockers
OFF-ST-10004507;Advantus Rolling Storage Box
OFF-ST-10004634;Personal Folder Holder, Ebony
OFF-ST-10004804;"Belkin 19"" Vented Equipment Shelf, Black"
OFF-ST-10004950;Acco Perma 3000 Stacking Storage Drawers
OFF-ST-10004963;Eldon Gobal File Keepers
OFF-SU-10000151;High Speed Automatic Electric Letter Opener
OFF-SU-10000157;Compact Automatic Electric Letter Opener
OFF-SU-10000381;Acme Forged Steel Scissors with Black Enamel Handles
OFF-SU-10000432;Acco Side-Punched Conventional Columnar Pads
OFF-SU-10000646;Premier Automatic Letter Opener
OFF-SU-10000898;"Acme Hot Forged Carbon Steel Scissors with Nickel-Plated Handles, 3 7/8"" Cut, 8""L"
OFF-SU-10000946;Staple remover
OFF-SU-10000952;Fiskars Home & Office Scissors
OFF-SU-10001165;Acme Elite Stainless Steel Scissors
OFF-SU-10001212;Kleencut Forged Office Shears by Acme United Corporation
OFF-SU-10001218;Fiskars Softgrip Scissors
OFF-SU-10001225;Staple remover
OFF-SU-10001574;Acme Value Line Scissors
OFF-SU-10001664;Acme Office Executive Series Stainless Steel Trimmers
OFF-SU-10002189;Acme Rosewood Handle Letter Opener
OFF-SU-10002301;Serrated Blade or Curved Handle Hand Letter Openers
OFF-SU-10002503;Acme Preferred Stainless Steel Scissors
OFF-SU-10002522;Acme Kleen Earth Office Shears
OFF-SU-10002537;Acme Box Cutter Scissors
OFF-SU-10002557;Fiskars Spring-Action Scissors
OFF-SU-10002573;"Acme 10"" Easy Grip Assistive Scissors"
OFF-SU-10002881;Martin Yale Chadless Opener Electric Letter Opener
OFF-SU-10003505;Premier Electric Letter Opener
OFF-SU-10003567;Stiletto Hand Letter Openers
OFF-SU-10004231;Acme Tagit Stainless Steel Antibacterial Scissors
OFF-SU-10004261;"Fiskars 8"" Scissors, 2/Pack"
OFF-SU-10004290;"Acme Design Line 8"" Stainless Steel Bent Scissors w/Champagne Handles, 3-1/8"" Cut"
OFF-SU-10004498;Martin-Yale Premier Letter Opener
OFF-SU-10004661;Acme Titanium Bonded Scissors
OFF-SU-10004664;Acme Softgrip Scissors
OFF-SU-10004737;Acme Design Stainless Steel Bent Scissors
OFF-SU-10004768;Acme Kleencut Forged Steel Scissors
OFF-SU-10004782;"Elite 5"" Scissors"
OFF-SU-10004884;Acme Galleria Hot Forged Steel Scissors with Colored Handles
TEC-AC-10000023;Maxell 74 Minute CD-R Spindle, 50/Pack
TEC-AC-10000057;Microsoft Natural Ergonomic Keyboard 4000
TEC-AC-10000109;Sony Micro Vault Click 16 GB USB 2.0 Flash Drive
TEC-AC-10000158;Sony 64GB Class 10 Micro SDHC R40 Memory Card
TEC-AC-10000303;Logitech M510 Wireless Mouse
TEC-AC-10000358;Imation Secure Drive + Hardware Encrypted USB flash drive - 16 GB
TEC-AC-10000397;Perixx PERIBOARD-512B, Ergonomic Split Keyboard
TEC-AC-10000420;Logitech G500s Laser Gaming Mouse with Adjustable Weight Tuning
TEC-AC-10000474;Kensington Expert Mouse Optical USB Trackball for PC or Mac
TEC-AC-10000521;Verbatim Slim CD and DVD Storage Cases, 50/Pack
TEC-AC-10000580;Logitech G13 Programmable Gameboard with LCD Display
TEC-AC-10000682;Kensington K72356US Mouse-in-a-Box USB Desktop Mouse
TEC-AC-10000710;Maxell DVD-RAM Discs
TEC-AC-10000736;Logitech G600 MMO Gaming Mouse
TEC-AC-10000844;Logitech Gaming G510s - Keyboard
TEC-AC-10000865;WD My Passport Ultra 500GB Portable External Hard Drive
TEC-AC-10000892;NETGEAR N750 Dual Band Wi-Fi Gigabit Router
TEC-AC-10000990;Imation Bio 2GB USB Flash Drive Imation Corp
TEC-AC-10000991;Sony Micro Vault Click 8 GB USB 2.0 Flash Drive
TEC-AC-10001013;Logitech ClearChat Comfort/USB Headset H390
TEC-AC-10001101;Sony 16GB Class 10 Micro SDHC R40 Memory Card
TEC-AC-10001109;Logitech Trackman Marble Mouse
TEC-AC-10001114;Microsoft Wireless Mobile Mouse 4000
TEC-AC-10001142;First Data FD10 PIN Pad
TEC-AC-10001266;Memorex Micro Travel Drive 8 GB
TEC-AC-10001267;Imation 32GB Pocket Pro USB 3.0 Flash Drive - 32 GB - Black - 1 P ...
TEC-AC-10001284;Enermax Briskie RF Wireless Keyboard and Mouse Combo
TEC-AC-10001314;Case Logic 2.4GHz Wireless Keyboard
TEC-AC-10001383;Logitech Wireless Touch Keyboard K400
TEC-AC-10001445;Imation USB 2.0 Swivel Flash Drive USB flash drive - 4 GB - Pink
TEC-AC-10001465;SanDisk Cruzer 64 GB USB Flash Drive
TEC-AC-10001539;Logitech G430 Surround Sound Gaming Headset with Dolby 7.1 Technology
TEC-AC-10001552;Logitech K350 2.4Ghz Wireless Keyboard
TEC-AC-10001553;Memorex 25GB 6X Branded Blu-Ray Recordable Disc, 15/Pack
TEC-AC-10001606;Logitech Wireless Performance Mouse MX for PC and Mac
TEC-AC-10001635;KeyTronic KT400U2 - Keyboard - Black
TEC-AC-10001714;Logitech MX Performance Wireless Mouse
TEC-AC-10001767;SanDisk Ultra 64 GB MicroSDHC Class 10 Memory Card
TEC-AC-10001772;Memorex Mini Travel Drive 16 GB USB 2.0 Flash Drive
TEC-AC-10001838;Razer Tiamat Over Ear 7.1 Surround Sound PC Gaming Headset
TEC-AC-10001874;Logitech Wireless Anywhere Mouse MX for PC and Mac
TEC-AC-10001908;Logitech Wireless Headset h800
TEC-AC-10001956;Microsoft Arc Touch Mouse
TEC-AC-10001990;Kensington Orbit Wireless Mobile Trackball for PC and Mac
TEC-AC-10001998;Logitech LS21 Speaker System - PC Multimedia - 2.1-CH - Wired
TEC-AC-10002001;Logitech Wireless Gaming Headset G930
TEC-AC-10002006;Memorex Micro Travel Drive 16 GB
TEC-AC-10002018;AmazonBasics 3-Button USB Wired Mouse
TEC-AC-10002049;Logitech G19 Programmable Gaming Keyboard
TEC-AC-10002076;Microsoft Natural Keyboard Elite
TEC-AC-10002134;Rosewill 107 Normal Keys USB Wired Standard Keyboard
TEC-AC-10002167;Imation 8gb Micro Traveldrive Usb 2.0 Flash Drive
TEC-AC-10002217;Imation Clip USB flash drive - 8 GB
TEC-AC-10002253;Imation Bio 8GB USB Flash Drive Imation Corp
TEC-AC-10002305;KeyTronic E03601U1 - Keyboard - Beige
TEC-AC-10002323;SanDisk Ultra 32 GB MicroSDHC Class 10 Memory Card
TEC-AC-10002331;Maxell 74 Minute CDR, 10/Pack
TEC-AC-10002335;Logitech Media Keyboard K200
TEC-AC-10002345;HP Standard 104 key PS/2 Keyboard
TEC-AC-10002399;SanDisk Cruzer 32 GB USB Flash Drive
TEC-AC-10002402;Razer Kraken PRO Over Ear PC and Music Headset
TEC-AC-10002550;Memorex 25GB 6X Branded Blu-Ray Recordable Disc, 30/Pack
TEC-AC-10002558;Imation Swivel Flash Drive USB flash drive - 8 GB
TEC-AC-10002567;Logitech G602 Wireless Gaming Mouse
TEC-AC-10002637;Logitech VX Revolution Cordless Laser Mouse for Notebooks (Black)
TEC-AC-10002718;Belkin Standard 104 key USB Keyboard
TEC-AC-10002800;Plantronics Audio 478 Stereo USB Headset
TEC-AC-10002842;WD My Passport Ultra 2TB Portable External Hard Drive
TEC-AC-10002926;Logitech Wireless Marathon Mouse M705
TEC-AC-10002942;WD My Passport Ultra 1TB Portable External Hard Drive
TEC-AC-10003027;Imation 8GB Mini TravelDrive USB 2.0 Flash Drive
TEC-AC-10003033;Plantronics CS510 - Over-the-Head monaural Wireless Headset System
TEC-AC-10003038;Kingston Digital DataTraveler 16GB USB 2.0
TEC-AC-10003063;Micro Innovations USB RF Wireless Keyboard with Mouse
TEC-AC-10003095;Logitech G35 7.1-Channel Surround Sound Headset
TEC-AC-10003116;Memorex Froggy Flash Drive 8 GB
TEC-AC-10003174;Plantronics S12 Corded Telephone Headset System
TEC-AC-10003198;Enermax Acrylux Wireless Keyboard
TEC-AC-10003280;Belkin F8E887 USB Wired Ergonomic Keyboard
TEC-AC-10003289;Anker Ultra-Slim Mini Bluetooth 3.0 Wireless Keyboard
TEC-AC-10003399;Memorex Mini Travel Drive 64 GB USB 2.0 Flash Drive
TEC-AC-10003441;Kingston Digital DataTraveler 32GB USB 2.0
TEC-AC-10003447;Micropad Numeric Keypads
TEC-AC-10003499;Memorex Mini Travel Drive 8 GB USB 2.0 Flash Drive
TEC-AC-10003590;TRENDnet 56K USB 2.0 Phone, Internet and Fax Modem
TEC-AC-10003610;Logitech Illuminated - Keyboard
TEC-AC-10003614;Verbatim 25 GB 6x Blu-ray Single Layer Recordable Disc, 10/Pack
TEC-AC-10003628;Logitech 910-002974 M325 Wireless Mouse for Web Scrolling
TEC-AC-10003657;Lenovo 17-Key USB Numeric Keypad
TEC-AC-10003709;Maxell 4.7GB DVD-R 5/Pack
TEC-AC-10003832;Logitech P710e Mobile Speakerphone
TEC-AC-10003870;Logitech Z-906 Speaker sys - home theater - 5.1-CH
TEC-AC-10003911;NETGEAR AC1750 Dual Band Gigabit Smart WiFi Router
TEC-AC-10004001;Logitech Wireless Headset H600 Over-The-Head Design
TEC-AC-10004114;KeyTronic 6101 Series - Keyboard - Black
TEC-AC-10004171;Razer Kraken 7.1 Surround Sound Over Ear USB Gaming Headset
TEC-AC-10004209;Memorex Froggy Flash Drive 4 GB
TEC-AC-10004227;SanDisk Ultra 16 GB MicroSDHC Class 10 Memory Card
TEC-AC-10004353;Hypercom P1300 Pinpad
TEC-AC-10004396;Logitech Keyboard K120
TEC-AC-10004420;Cherry 142-key Programmable Keyboard
TEC-AC-10004469;Microsoft Sculpt Comfort Mouse
TEC-AC-10004510;Logitech Desktop MK120 Mouse and keyboard Combo
TEC-AC-10004518;Memorex Mini Travel Drive 32 GB USB 2.0 Flash Drive
TEC-AC-10004568;Maxell LTO Ultrium - 800 GB
TEC-AC-10004571;Logitech G700s Rechargeable Gaming Mouse
TEC-AC-10004595;First Data TMFD35 PIN Pad
TEC-AC-10004633;Verbatim 25 GB 6x Blu-ray Single Layer Recordable Disc, 3/Pack
TEC-AC-10004708;Sony 32GB Class 10 Micro SDHC R40 Memory Card
TEC-AC-10004761;Maxell 4.7GB DVD+RW 3/Pack
TEC-AC-10004803;Sony Micro Vault Click 4 GB USB 2.0 Flash Drive
TEC-AC-10004814;Logitech Illuminated Ultrathin Keyboard with Backlighting
TEC-AC-10004864;Memorex Micro Travel Drive 32 GB
TEC-AC-10004877;Imation 30456 USB Flash Drive 8GB
TEC-AC-10004975;Plantronics Audio 995 Wireless Stereo Headset
TEC-AC-10004992;Kingston Digital DataTraveler 64GB USB 2.0
TEC-CO-10000971;Hewlett Packard 310 Color Digital Copier
TEC-CO-10001046;Canon Imageclass D680 Copier / Fax
TEC-CO-10001449;Hewlett Packard LaserJet 3310 Copier
TEC-CO-10001571;Sharp 1540cs Digital Laser Copier
TEC-CO-10001766;Canon PC940 Copier
TEC-CO-10001943;Canon PC-428 Personal Copier
TEC-CO-10002095;Hewlett Packard 610 Color Digital Copier / Printer
TEC-CO-10002313;Canon PC1080F Personal Copier
TEC-CO-10003236;Canon Image Class D660 Copier
TEC-CO-10003763;Canon PC1060 Personal Laser Copier
TEC-CO-10004115;Sharp AL-1530CS Digital Copier
TEC-CO-10004202;Brother DCP1000 Digital 3 in 1 Multifunction Machine
TEC-CO-10004722;Canon imageCLASS 2200 Advanced Copier
TEC-MA-10000112;Panasonic KX MB2061 Multifunction Printer
TEC-MA-10000418;Cubify CubeX 3D Printer Double Head Print
TEC-MA-10000423;Texas Instruments TI-34 Scientific Calculator
TEC-MA-10000488;Bady BDG101FRU Card Printer
TEC-MA-10000597;Lexmark S315 Color Inkjet Printer
TEC-MA-10000752;Texas Instrument TI-15 Fraction Calculator
TEC-MA-10000822;Lexmark MX611dhe Monochrome Laser Printer
TEC-MA-10000984;Okidata MB760 Printer
TEC-MA-10001031;Socket Bluetooth Cordless Hand Scanner (CHS)
TEC-MA-10001148;Swingline SM12-08 MicroCut Jam Free Shredder
TEC-MA-10001570;Cisco Desktop Collaboration Experience DX650 IP Video Phone
TEC-MA-10001695;Zebra GK420t Direct Thermal/Thermal Transfer Printer
TEC-MA-10001972;Okidata C331dn Printer
TEC-MA-10002073;3D Systems Cube Printer, 2nd Generation, White
TEC-MA-10002109;HP Officejet Pro 8600 e-All-In-One Printer, Copier, Scanner, Fax
TEC-MA-10002428;Fellowes Powershred HS-440 4-Sheet High Security Shredder
TEC-MA-10002859;Ativa MDM8000 8-Sheet Micro-Cut Shredder
TEC-MA-10002930;Ricoh - Ink Collector Unit for GX3000 Series Printers
TEC-MA-10003176;Okidata B400 Printer
TEC-MA-10003183;DYMO CardScan Personal V9 Business Card Scanner
TEC-MA-10003246;Hewlett-Packard Deskjet D4360 Printer
TEC-MA-10003329;Vtech AT&T CL2940 Corded Speakerphone, Black
TEC-MA-10003337;Okidata B401 Printer
TEC-MA-10003356;Panasonic KX MC6040 Color Laser Multifunction Printer
TEC-MA-10004002;Zebra GX420t Direct Thermal/Thermal Transfer Printer
TEC-MA-10004086;Plantronics Single Ear Headset
TEC-MA-10004241;Star Micronics TSP800 TSP847IIU Receipt Printer
TEC-MA-10004679;StarTech.com 10/100 VDSL2 Ethernet Extender Kit
TEC-PH-10000004;Belkin iPhone and iPad Lightning Cable
TEC-PH-10000038;Jawbone MINI JAMBOX Wireless Bluetooth Speaker
TEC-PH-10000127;iOttie XL Car Mount
TEC-PH-10000141;Clearsounds A400
TEC-PH-10000148;Cyber Acoustics AC-202b Speech Recognition Stereo Headset
TEC-PH-10000149;Cisco SPA525G2 IP Phone - Wireless
TEC-PH-10000193;Jensen SMPS-640 - speaker phone
TEC-PH-10000213;Seidio BD2-HK3IPH5-BK DILEX Case and Holster Combo for Apple iPhone 5/5s - Black
TEC-PH-10000215;Plantronics Cordless Phone Headset with In-line Volume - M214C
TEC-PH-10000307;Shocksock Galaxy S4 Armband
TEC-PH-10000347;Cush Cases Heavy Duty Rugged Cover Case for Samsung Galaxy S5 - Purple
TEC-PH-10000369;HTC One Mini
TEC-PH-10000376;Square Credit Card Reader
TEC-PH-10000439;GE DSL Phone Line Filter
TEC-PH-10000441;VTech DS6151
TEC-PH-10000486;Plantronics HL10 Handset Lifter
TEC-PH-10000526;Vtech CS6719
TEC-PH-10000560;Samsung Galaxy S III - 16GB - pebble blue (T-Mobile)
TEC-PH-10000576;AT&T 1080 Corded phone
TEC-PH-10000586;AT&T SB67148 SynJ
TEC-PH-10000673;Plantronics Voyager Pro HD - Bluetooth Headset
TEC-PH-10000675;Panasonic KX TS3282B Corded phone
TEC-PH-10000702;"Square Credit Card Reader, 4 1/2"" x 4 1/2"" x 1"", White"
TEC-PH-10000895;Polycom VVX 310 VoIP phone
TEC-PH-10000912;Anker 24W Portable Micro USB Car Charger
TEC-PH-10001051;HTC One
TEC-PH-10001079;Polycom SoundPoint Pro SE-225 Corded phone
TEC-PH-10001198;Avaya 4621SW VoIP phone
TEC-PH-10001254;Jabra BIZ 2300 Duo QD Duo Corded Headset
TEC-PH-10001299;Polycom CX300 Desktop Phone USB VoIP phone
TEC-PH-10001300;iKross Bluetooth Portable Keyboard + Cell Phone Stand Holder + Brush for Apple iPh
TEC-PH-10001305;Panasonic KX TS208W Corded phone
TEC-PH-10001336;Digium D40 VoIP phone
TEC-PH-10001363;Apple iPhone 5S
TEC-PH-10001425;Mophie Juice Pack Helium for iPhone
TEC-PH-10001433;Cisco Small Business SPA 502G VoIP phone
TEC-PH-10001448;Anker Astro 15000mAh USB Portable Charger
TEC-PH-10001459;Samsung Galaxy Mega 6.3
TEC-PH-10001494;Polycom CX600 IP Phone VoIP phone
TEC-PH-10001527;Plantronics MX500i Earset
TEC-PH-10001530;Cisco Unified IP Phone 7945G VoIP phone
TEC-PH-10001552;I Need's 3d Hello Kitty Hybrid Silicone Case Cover for HTC One X 4g with 3d Hello
TEC-PH-10001557;Pyle PMP37LED
TEC-PH-10001578;Polycom SoundStation2 EX Conference phone
TEC-PH-10001580;Logitech Mobile Speakerphone P710e - speaker phone
TEC-PH-10001615;AT&T CL82213
TEC-PH-10001619;LG G3
TEC-PH-10001700;Panasonic KX-TG6844B Expandable Digital Cordless Telephone
TEC-PH-10001750;Samsung Rugby III
TEC-PH-10001760;Bose SoundLink Bluetooth Speaker
TEC-PH-10001795;ClearOne CHATAttach 160 - speaker phone
TEC-PH-10001809;Panasonic KX T7736-B Digital phone
TEC-PH-10001817;Wilson Electronics DB Pro Signal Booster
TEC-PH-10001870;Lunatik TT5L-002 Taktik Strike Impact Protection System for iPhone 5
TEC-PH-10001918;Nortel Business Series Terminal T7208 Digital phone
TEC-PH-10001924;iHome FM Clock Radio with Lightning Dock
TEC-PH-10001944;Wi-Ex zBoost YX540 Cellular Phone Signal Booster
TEC-PH-10001949;Cisco SPA 501G IP Phone
TEC-PH-10002033;Konftel 250 Conference phone - Charcoal black
TEC-PH-10002070;Griffin GC36547 PowerJolt SE Lightning Charger
TEC-PH-10002085;Clarity 53712
TEC-PH-10002103;Jabra SPEAK 410
TEC-PH-10002115;Plantronics 81402
TEC-PH-10002170;ClearSounds CSC500 Amplified Spirit Phone Corded phone
TEC-PH-10002185;QVS USB Car Charger 2-Port 2.1Amp for iPod/iPhone/iPad/iPad 2/iPad 3
TEC-PH-10002200;Samsung Galaxy Note 2
TEC-PH-10002262;LG Electronics Tone+ HBS-730 Bluetooth Headset
TEC-PH-10002275;Mitel 5320 IP Phone VoIP phone
TEC-PH-10002293;Anker 36W 4-Port USB Wall Charger Travel Power Adapter for iPhone 5s 5c 5
TEC-PH-10002310;Panasonic KX T7731-B Digital phone
TEC-PH-10002398;AT&T 1070 Corded Phone
TEC-PH-10002415;Polycom VoiceStation 500 Conference phone
TEC-PH-10002447;AT&T CL83451 4-Handset Telephone
TEC-PH-10002468;Plantronics CS 50-USB - headset - Convertible, Monaural
TEC-PH-10002483;Motorola Moto X
TEC-PH-10002496;Cisco SPA301
TEC-PH-10002538;Grandstream GXP1160 VoIP phone
TEC-PH-10002549;Polycom SoundPoint IP 450 VoIP phone
TEC-PH-10002563;Adtran 1202752G1
TEC-PH-10002564;OtterBox Defender Series Case - Samsung Galaxy S4
TEC-PH-10002583;iOttie HLCRIO102 Car Mount
TEC-PH-10002584;Samsung Galaxy S4
TEC-PH-10002624;Samsung Galaxy S4 Mini
TEC-PH-10002680;Samsung Galaxy Note 3
TEC-PH-10002726;netTALK DUO VoIP Telephone Service
TEC-PH-10002807;Motorla HX550 Universal Bluetooth Headset
TEC-PH-10002834;Google Nexus 5
TEC-PH-10002885;Apple iPhone 5
TEC-PH-10002890;AT&T 17929 Lendline Telephone
TEC-PH-10002922;ShoreTel ShorePhone IP 230 VoIP phone
TEC-PH-10002923;Logitech B530 USB Headset - headset - Full size, Binaural
TEC-PH-10003012;Nortel Meridian M3904 Professional Digital phone
TEC-PH-10003072;Panasonic KX-TG9541B DECT 6.0 Digital 2-Line Expandable Cordless Phone With Digita
TEC-PH-10003092;Motorola L804
TEC-PH-10003095;Samsung HM1900 Bluetooth Headset
TEC-PH-10003171;Plantronics Encore H101 Dual Earpieces Headset
TEC-PH-10003174;RCA ViSYS 25825 Wireless digital phone
TEC-PH-10003187;Anker Astro Mini 3000mAh Ultra-Compact Portable Charger
TEC-PH-10003215;Jackery Bar Premium Fast-charging Portable Charger
TEC-PH-10003273;AT&T TR1909W
TEC-PH-10003356;SmartStand Mobile Device Holder, Assorted Colors
TEC-PH-10003357;Grandstream GXP2100 Mainstream Business Phone
TEC-PH-10003437;Blue Parrot B250XT Professional Grade Wireless Bluetooth Headset with
TEC-PH-10003442;Samsung Replacement EH64AVFWE Premium Headset
TEC-PH-10003484;Ooma Telo VoIP Home Phone System
TEC-PH-10003505;Geemarc AmpliPOWER60
TEC-PH-10003535;RCA ViSYS 25423RE1 Corded phone
TEC-PH-10003555;Motorola HK250 Universal Bluetooth Headset
TEC-PH-10003580;Cisco IP Phone 7961G-GE VoIP phone
TEC-PH-10003589;invisibleSHIELD by ZAGG Smudge-Free Screen Protector
TEC-PH-10003645;Aastra 57i VoIP phone
TEC-PH-10003691;BlackBerry Q10
TEC-PH-10003800;i.Sound Portable Power - 8000 mAh
TEC-PH-10003885;Cisco SPA508G
TEC-PH-10003931;JBL Micro Wireless Portable Bluetooth Speaker
TEC-PH-10003988;LF Elite 3D Dazzle Designer Hard Case Cover, Lf Stylus Pen and Wiper For Apple Iph
TEC-PH-10004071;PayAnywhere Card Reader
TEC-PH-10004080;Avaya 5410 Digital phone
TEC-PH-10004093;Panasonic Kx-TS550
TEC-PH-10004094;Motorola L703CM
TEC-PH-10004100;Griffin GC17055 Auxiliary Audio Cable
TEC-PH-10004120;AT&T 1080 Phone
TEC-PH-10004165;Mitel MiVoice 5330e IP Phone
TEC-PH-10004188;OtterBox Commuter Series Case - Samsung Galaxy S4
TEC-PH-10004345;Cisco SPA 502G IP Phone
TEC-PH-10004348;OtterBox Defender Series Case - iPhone 5c
TEC-PH-10004389;Nokia Lumia 925
TEC-PH-10004447;Toshiba IPT2010-SD IP Telephone
TEC-PH-10004522;Dexim XPower Skin Super-Thin Power Case for iPhone 5 - Black
TEC-PH-10004531;AT&T CL2909
TEC-PH-10004539;Wireless Extenders zBoost YX545 SOHO Signal Booster
TEC-PH-10004586;Wilson SignalBoost 841262 DB PRO Amplifier Kit
TEC-PH-10004614;AT&T 841000 Phone
TEC-PH-10004667;Cisco 8x8 Inc. 6753i IP Business Phone System
TEC-PH-10004700;PowerGen Dual USB Car Charger
TEC-PH-10004774;Gear Head AU3700S Headset
TEC-PH-10004830;Pyle PRT45 Retro Home Telephone
TEC-PH-10004833;Macally Suction Cup Mount
TEC-PH-10004896;Nokia Lumia 521 (T-Mobile)
TEC-PH-10004897;Mediabridge Sport Armband iPhone 5s
TEC-PH-10004908;Panasonic KX TS3282W Corded phone
TEC-PH-10004922;RCA Visys Integrated PBX 8-Line Router
TEC-PH-10004977;GE 30524EE4
